t,gps_x,gps_y,dr_x,dr_y,fused_x,fused_y,predicted_spoofed,is_spoofed
1790035595.1156914,0.0,0.0,0.0,0.0,0.0,0.0,0,0
1790035595.1238215,0.0,0.0,-1.4830031961200989e-08,-7.30211940584301e-08,0.0,0.0,0,0
1790035595.2139764,0.0,0.0,-1.351484761329889e-05,-6.654791205513676e-05,0.0,0.0,0,0
1790035595.3131351,0.0,0.0,-4.955383499681285e-05,-0.0002443756579326,0.0,0.0,0,0
1790035595.4178877,0.0,0.0,-0.0001087258482789,-0.0005363285427341,0.0,0.0,0,0
1790035595.5171614,0.0,0.0,-0.0001898522668166,-0.00093589643645,0.0,0.0,0,0
1790035595.6176608,0.0,0.0,-0.0002973889077911,-0.0014651464097783,0.0,0.0,0,0
1790035595.7156336,0.0,0.0,-0.0004278879258992,-0.0021062971413625,0.0,0.0,0,0
1790035595.8153243,0.0,0.0,-0.0005783541528099,-0.0028445740380569,0.0,0.0,0,0
1790035595.917366,0.0,0.0,-0.0007502849868235,-0.0036882406674018,0.0,0.0,0,0
1790035596.0179873,0.0,0.0,-0.0009491238641173,-0.0046640811049821,0.0,0.0,0,0
1790035596.1152055,0.0,0.0,-0.0011711089187774,-0.0057541273623463,0.0,0.0,0,0
1790035596.214728,0.0,0.0,-0.0014125507099733,-0.0069406074388392,0.0,0.0,0,0
1790035596.31472,0.0,0.0,-0.0016777197822272,-0.0082440657681313,0.0,0.0,0,0
1790035596.4139504,0.0,0.0,-0.0019636505766142,-0.0096495658999558,0.0,0.0,0,0
1790035596.518468,0.0,0.0,-0.0022739778971629,-0.0111755084957613,0.0,0.0,0,0
1790035596.617547,0.0,0.0,-0.002607247674961,-0.0128148604561331,0.0,0.0,0,0
1790035596.7176254,0.0,0.0,-0.0029641125832145,-0.0145705777481909,0.0,0.0,0,0
1790035596.8169158,0.0,0.0,-0.0033388571277819,-0.0164148658850363,0.0,0.0,0,0
1790035596.9159298,0.0,0.0,-0.0037379502085764,-0.0183792677286555,0.0,0.0,0,0
1790035597.0156722,0.0,0.0,-0.0041628346823563,-0.0204707032180996,0.0,0.0,0,0
1790035597.1185875,0.0,0.0,-0.0046311160402797,-0.0227773082943595,0.0,0.0,0,0
1790035597.2171888,0.0,0.0,-0.0050975550437479,-0.0250779692095033,0.0,0.0,0,0
1790035597.3160205,0.0,0.0,-0.0055840306216621,-0.0274807413022358,0.0,0.0,0,0
1790035597.4152422,0.0,0.0,-0.0061114355699411,-0.0300892632756922,0.0,0.0,0,0
1790035597.5148125,0.0,0.0,-0.0066450454009283,-0.0327325964917153,0.0,0.0,0,0
1790035597.6146624,0.0,0.0,-0.0072022771455956,-0.0354969924558303,0.0,0.0,0,0
1790035597.7194767,0.0,0.0,-0.0077879272978438,-0.0384059486983072,0.0,0.0,0,0
1790035597.819569,0.0,0.0,-0.0083917406683582,-0.0414079595290356,0.0,0.0,0,0
1790035597.9181323,0.0,0.0,-0.0090137278207651,-0.0445042275663642,0.0,0.0,0,0
1790035598.0173938,0.0,0.0,-0.0096531264325676,-0.0476914156963351,0.0,0.0,0,0
1790035598.1159997,0.0,0.0,-0.0103309435342807,-0.0510742421441274,0.0,0.0,0,0
1790035598.2192569,0.0,0.0,-0.011013715493934,-0.0544857474254531,0.0,0.0,0,0
1790035598.3165617,0.0,0.0,-0.0117111346898285,-0.0579754953630487,0.0,0.0,0,0
1790035598.4158726,0.0,0.0,-0.0124581959123442,-0.0617206840969609,0.0,0.0,0,0
1790035598.5172884,0.0,0.0,-0.0132153260417301,-0.0655237205459461,0.0,0.0,0,0
1790035598.6173,0.0,0.0,-0.0139989339880783,-0.0694670003238438,0.0,0.0,0,0
1790035598.7190423,0.0,0.0,-0.0148033631401145,-0.0735220127597608,0.0,0.0,0,0
1790035598.8192031,0.0,0.0,-0.015616169242828,-0.0776251187616844,0.0,0.0,0,0
1790035598.9185,0.0,0.0,-0.0164480115061,-0.0818299327459907,0.0,0.0,0,0
1790035599.016548,0.0,0.0,-0.0172872930581066,-0.0860779986345545,0.0,0.0,0,0
1790035599.1167653,0.0,0.0,-0.0181760868040223,-0.0905818717935438,0.0,0.0,0,0
1790035599.2157023,0.0,0.0,-0.0190904816840972,-0.0952219218847634,0.0,0.0,0,0
1790035599.314855,0.0,0.0,-0.0200056907870399,-0.0998728694459887,0.0,0.0,0,0
1790035599.413964,0.0,0.0,-0.0209399613837955,-0.1046272381302522,0.0,0.0,0,0
1790035599.515174,0.0,0.0,-0.0219299426199764,-0.1096708300308531,0.0,0.0,0,0
1790035599.619183,0.0,0.0,-0.0229214152620157,-0.1147272229810731,0.0,0.0,0,0
1790035599.717575,0.0,0.0,-0.023914895163514,-0.1197983910479472,0.0,0.0,0,0
1790035599.81733,0.0,0.0,-0.0249440312658088,-0.1250574743377868,0.0,0.0,0,0
1790035599.9162498,0.0,0.0,-0.0260214144387096,-0.1305693670035638,0.0,0.0,0,0
1790035600.0163755,0.0,0.0,-0.0270894666799988,-0.1360393080891928,0.0,0.0,0,0
1790035600.1171896,0.0,0.0,-0.0281660207944928,-0.1415572757099411,0.0,0.0,0,0
1790035600.219722,0.0,0.0,-0.0293051558220411,-0.1474014752631881,0.0,0.0,0,0
1790035600.3182793,0.0,0.0,-0.0304261965886681,-0.1531590254391758,0.0,0.0,0,0
1790035600.4167016,0.0,0.0,-0.0315398107668524,-0.158884371558905,0.0,0.0,0,0
1790035600.516143,0.0,0.0,-0.0327567512046203,-0.1651477656489961,0.0,0.0,0,0
1790035600.6152177,0.0,0.0,-0.0339522008006594,-0.1713074734865413,0.0,0.0,0,0
1790035600.714437,0.0,0.0,-0.0351577101582701,-0.1775259952745628,0.0,0.0,0,0
1790035600.8145795,0.0,0.0,-0.0363991162431953,-0.1839361713819396,0.0,0.0,0,0
1790035600.9188733,0.0,0.0,-0.0376596191508054,-0.1904522102002273,0.0,0.0,0,0
1790035601.0182617,0.0,0.0,-0.0389353014600607,-0.1970536247656552,0.0,0.0,0,0
1790035601.117507,0.0,0.0,-0.0402350925424488,-0.2037863609305861,0.0,0.0,0,0
1790035601.2190487,0.0,0.0,-0.0415830096649847,-0.2107744934690443,0.0,0.0,0,0
1790035601.3144696,0.0,0.0,-0.0429301616740831,-0.2177648229036595,0.0,0.0,0,0
1790035601.417094,0.0,0.0,-0.0442838373868383,-0.2247949827252723,0.0,0.0,0,0
1790035601.5164025,0.0,0.0,-0.0456296001430927,-0.2317890972210755,0.0,0.0,0,0
1790035601.616965,0.0,0.0,-0.0470801576057201,-0.2393328776610568,0.0,0.0,0,0
1790035601.718643,0.0,0.0,-0.0485284915120468,-0.2468699277538282,0.0,0.0,0,0
1790035601.8161728,0.0,0.0,-0.0499749554616949,-0.254403207859592,0.0,0.0,0,0
1790035601.9160097,0.0,0.0,-0.0514450316575038,-0.2620654252643364,0.0,0.0,0,0
1790035602.0160122,0.0,0.0,-0.0529485404831969,-0.2699084724847472,0.0,0.0,0,0
1790035602.427277,0.0,0.0,-0.0593492865348007,-0.3034400984550911,0.0,0.0,0,0
1790035602.4839466,0.0,0.0,-0.0602407642271089,-0.3081135580766692,0.0,0.0,0,0
1790035602.5296066,0.0,0.0,-0.0610772844511365,-0.3125002166954219,0.0,0.0,0,0
1790035602.6286592,0.0,0.0,-0.0623934155586672,-0.3194063538487337,0.0,0.0,0,0
1790035602.7414455,0.0,0.0,-0.064464756284267,-0.3302848099931039,0.0,0.0,0,0
1790035602.828042,0.0,0.0,-0.0657614498343174,-0.3370985009078871,0.0,0.0,0,0
1790035602.9323945,0.0,0.0,-0.0677616255845015,-0.3476126547263412,0.0,0.0,0,0
1790035603.0315318,0.0,0.0,-0.0694255016201446,-0.3563628590445274,0.0,0.0,0,0
1790035603.1268234,0.0,0.0,-0.070836344392731,-0.3637846082617166,0.0,0.0,0,0
1790035603.2406409,0.0,0.0,-0.072969960445837,-0.3750097204399271,0.0,0.0,0,0
1790035603.3270175,0.0,0.0,-0.074354119266447,-0.3822922236460801,0.0,0.0,0,0
1790035603.4306445,0.0,0.0,-0.0764470587198128,-0.3933039674994658,0.0,0.0,0,0
1790035603.528573,0.0,0.0,-0.077950669889678,-0.4012145125553307,0.0,0.0,0,0
1790035603.6316185,0.0,0.0,-0.0801007142768792,-0.4125263158682372,0.0,0.0,0,0
1790035603.7463882,0.0,0.0,-0.0821431278956072,-0.423270516019022,0.0,0.0,0,0
1790035603.8305178,0.0,0.0,-0.083802868803737,-0.4320011439894352,0.0,0.0,0,0
1790035603.927837,0.0,0.0,-0.0852933069178179,-0.4398404174072821,0.0,0.0,0,0
1790035604.0322952,0.0,0.0,-0.087617654193738,-0.4520642803218407,0.0,0.0,0,0
1790035604.1288793,0.0,0.0,-0.0895049536408288,-0.4619884280170728,0.0,0.0,0,0
1790035604.238598,0.0,0.0,-0.0915425646587404,-0.4727005633727196,0.0,0.0,0,0
1790035604.3313706,0.0,0.0,-0.093471087089245,-0.4828343534222412,0.0,0.0,0,0
1790035604.4305084,0.0,0.0,-0.0954532596336606,-0.4932434720145124,0.0,0.0,0,0
1790035604.5318851,0.0,0.0,-0.0975444202817069,-0.5042166463848333,0.0,0.0,0,0
1790035604.631472,0.0,0.0,-0.0995396739984883,-0.5146785503273993,0.0,0.0,0,0
1790035604.7378983,0.0,0.0,-0.1017014039685012,-0.5260037771625613,0.0,0.0,0,0
1790035604.8297408,0.0,0.0,-0.1032931946166815,-0.5343365748530798,0.0,0.0,0,0
1790035604.9294522,0.0,0.0,-0.1058700457918276,-0.5478133707479925,0.0,0.0,0,0
1790035605.0279863,0.0,0.0,-0.1076013162321447,-0.5568592445335513,0.0,0.0,0,0
1790035605.129459,0.0,0.0,-0.1097641483577993,-0.5681502459649838,0.0,0.0,0,0
1790035605.24454,0.0,0.0,-0.1124876162529131,-0.5823510405263465,0.0,0.0,0,0
1790035605.3278737,0.0,0.0,-0.1141006765915726,-0.5907522866336649,0.0,0.0,0,0
1790035605.4273157,0.0,0.0,-0.1163053182937307,-0.6022214285163834,0.0,0.0,0,0
1790035605.5310378,0.0,0.0,-0.1189327895035239,-0.6158687390800542,0.0,0.0,0,0
1790035605.6301196,0.0,0.0,-0.1212106294725822,-0.6276792900149415,0.0,0.0,0,0
1790035605.740415,0.0,0.0,-0.123560593827371,-0.6398417478135839,0.0,0.0,0,0
1790035605.829654,0.0,0.0,-0.1257035889076863,-0.6509127384610538,0.0,0.0,0,0
1790035605.9289715,0.0,0.0,-0.12759009357694,-0.6606418711274921,0.0,0.0,0,0
1790035606.029821,0.0,0.0,-0.1303910016195182,-0.6750577607931686,0.0,0.0,0,0
1790035606.1308222,0.0,0.0,-0.1327697654862881,-0.6872718879768648,0.0,0.0,0,0
1790035606.2430415,0.0,0.0,-0.1353575844192339,-0.7005280862604959,0.0,0.0,0,0
1790035606.330845,0.0,0.0,-0.1375831546126872,-0.7119036955401096,0.0,0.0,0,0
1790035606.4300284,0.0,0.0,-0.1399872192185567,-0.7241651088135286,0.0,0.0,0,0
1790035606.5292954,0.0,0.0,-0.1424256451887567,-0.7365732585678758,0.0,0.0,0,0
1790035606.6304662,0.0,0.0,-0.1449664030594765,-0.7494706766006293,0.0,0.0,0,0
1790035606.741764,0.0,0.0,-0.1476312617156668,-0.7630012014618537,0.0,0.0,0,0
1790035606.828828,0.0,0.0,-0.1496302758288162,-0.773274439817134,0.0,0.0,0,0
1790035606.9325373,0.0,0.0,-0.1525929123443762,-0.7888785374127697,0.0,0.0,0,0
1790035607.0301478,0.0,0.0,-0.1545837298085984,-0.7996384019605325,0.0,0.0,0,0
1790035607.1294267,0.0,0.0,-0.1570693104242375,-0.8133633959749056,0.0,0.0,0,0
1790035607.240827,0.0,0.0,-0.1601908755247922,-0.830991790445961,0.0,0.0,0,0
1790035607.330908,0.0,0.0,-0.1621115858702417,-0.8420175628018367,0.0,0.0,0,0
1790035607.4308245,0.0,0.0,-0.1646160077096674,-0.8565268228671952,0.0,0.0,0,0
1790035607.5314777,0.0,0.0,-0.1676076125442986,-0.873956645376234,0.0,0.0,0,0
1790035607.630699,0.0,0.0,-0.1696442576110114,-0.8858778694147551,0.0,0.0,0,0
1790035607.7408388,0.0,0.0,-0.1727645266889846,-0.904096059540099,0.0,0.0,0,0
1790035607.8291082,0.0,0.0,-0.1746868978955177,-0.9152183916484784,0.0,0.0,0,0
1790035607.9297483,0.0,0.0,-0.1777603262933554,-0.932758641589046,0.0,0.0,0,0
1790035608.0292673,0.0,0.0,-0.1799068443050056,-0.9448240522631072,0.0,0.0,0,0
1790035608.1328902,0.0,0.0,-0.1831673651573444,-0.9628772021491772,0.0,0.0,0,0
1790035608.246478,0.0,0.0,-0.1861722161500839,-0.979224736512298,0.0,0.0,0,0
1790035608.329749,0.0,0.0,-0.188586858841854,-0.9922367944879548,0.0,0.0,0,0
1790035608.4280753,0.0,0.0,-0.1909425277371283,-1.004900987139701,0.0,0.0,0,0
1790035608.5331547,0.0,0.0,-0.1942480224145121,-1.0226832020032348,0.0,0.0,0,0
1790035608.631221,0.0,0.0,-0.1969942053096464,-1.0374564191408,0.0,0.0,0,0
1790035608.7486591,0.0,0.0,-0.200141560627144,-1.0543412286776286,0.0,0.0,0,0
1790035608.829085,0.0,0.0,-0.2021829595492222,-1.065249955378174,0.0,0.0,0,0
1790035608.929564,0.0,0.0,-0.2050475959391452,-1.080482194740731,0.0,0.0,0,0
1790035609.0331469,0.0,0.0,-0.2084328385347204,-1.098361260235219,0.0,0.0,0,0
1790035609.1326663,0.0,0.0,-0.2113588393862221,-1.1137115062219731,0.0,0.0,0,0
1790035609.2494352,0.0,0.0,-0.214681285341651,-1.1310782630243983,0.0,0.0,0,0
1790035609.3324423,0.0,0.0,-0.2172879411581139,-1.1447327056255967,0.0,0.0,0,0
1790035609.4324274,0.0,0.0,-0.2202825907321864,-1.160499809197114,0.0,0.0,0,0
1790035609.532618,0.0,0.0,-0.2232685487230492,-1.1763234851540103,0.0,0.0,0,0
1790035609.6319356,0.0,0.0,-0.2262282661890769,-1.1921208562789627,0.0,0.0,0,0
1790035609.749272,0.0,0.0,-0.2295624133470696,-1.2100397103167118,0.0,0.0,0,0
1790035609.8316813,0.0,0.0,-0.232183174239519,-1.2241103750325322,0.0,0.0,0,0
1790035609.9324813,0.0,0.0,-0.2352617756046837,-1.240427629252344,0.0,0.0,0,0
1790035610.0327742,0.0,0.0,-0.2383473038597635,-1.2564872759088852,0.0,0.0,0,0
1790035610.1321704,0.0,0.0,-0.241538490438666,-1.2728015076216526,0.0,0.0,0,0
1790035610.2447796,0.0,0.0,-0.2450333456544357,-1.290407986018518,0.0,0.0,0,0
1790035610.3309717,0.0,0.0,-0.247478525197852,-1.3026305525326998,0.0,0.0,0,0
1790035610.4293883,0.0,0.0,-0.2512427702230939,-1.3213805679706905,-0.2512427702230939,-1.3213805679706905,1,0
1790035610.5336466,0.0,0.0,-0.2547044938745621,-1.3385871013128463,-0.2547044938745621,-1.3385871013128463,1,0
1790035610.6314862,0.0,0.0,-0.2579473146845312,-1.3546722565283114,-0.2579473146845312,-1.3546722565283114,1,0
1790035610.7475266,0.0,0.0,-0.2616216607784274,-1.3728368792184529,-0.2616216607784274,-1.3728368792184529,1,0
1790035610.8301735,0.0,-0.0111320001300896,-0.2645364888220332,-1.387179066626052,-0.2645364888220332,-1.387179066626052,1,0
1790035610.9299734,0.0,-0.0111320001300896,-0.2674595708890955,-1.401476488206548,-0.2674595708890955,-1.401476488206548,1,0
1790035611.0288944,0.0,-0.0111320001300896,-0.2708046562793403,-1.4177203441291697,-0.2708046562793403,-1.4177203441291697,1,0
1790035611.1328905,0.0,-0.0111320001300896,-0.2748446765124396,-1.4371507879571548,-0.2748446765124396,-1.4371507879571548,1,0
1790035611.2449193,0.0,-0.0111320001300896,-0.2785007857061312,-1.454520627276498,-0.2785007857061312,-1.454520627276498,1,0
1790035611.3299196,0.0,-0.0111320001300896,-0.2810040486175488,-1.4662799682174998,-0.2810040486175488,-1.4662799682174998,1,0
1790035611.428836,0.0,-0.0111320001300896,-0.2846519211290895,-1.4832101659948331,-0.2846519211290895,-1.4832101659948331,1,0
1790035611.5280435,0.0,-0.0111320001300896,-0.2881633243532927,-1.4993149776170065,-0.2881633243532927,-1.4993149776170065,1,0
1790035611.632773,0.0,-0.0111320001300896,-0.2923323447077788,-1.51820227332203,-0.2923323447077788,-1.51820227332203,1,0
1790035611.7442703,0.0,-0.0111320001300896,-0.2961706336506104,-1.5353893314143774,-0.2961706336506104,-1.5353893314143774,1,0
1790035611.8283844,0.0,-0.0111320001300896,-0.2989292767196553,-1.5476339458968884,-0.2989292767196553,-1.5476339458968884,1,0
1790035611.9311962,0.0,-0.0111320001300896,-0.3031944735807767,-1.5663543896220495,-0.3031944735807767,-1.5663543896220495,1,0
1790035612.030599,0.0,-0.0111320001300896,-0.3061014851800916,-1.5789918967923071,-0.3061014851800916,-1.5789918967923071,1,0
1790035612.134331,0.0,-0.0111320001300896,-0.310634968661084,-1.5985849527367109,-0.310634968661084,-1.5985849527367109,1,0
1790035612.2439854,0.0,-0.0111320001300896,-0.3145167073870319,-1.61529849424171,-0.3145167073870319,-1.61529849424171,1,0
1790035612.331313,0.0,-0.0111320001300896,-0.3179230964431337,-1.629941144473928,-0.3179230964431337,-1.629941144473928,1,0
1790035612.4287531,0.0,-0.0111320001300896,-0.3208117407938672,-1.642365991471553,-0.3208117407938672,-1.642365991471553,1,0
1790035612.528861,0.0,-0.0111320001300896,-0.3244751247926258,-1.6581170987530864,-0.3244751247926258,-1.6581170987530864,1,0
1790035612.6336942,0.0,-0.0111320001300896,-0.3289949294740956,-1.6775003601592058,-0.3289949294740956,-1.6775003601592058,1,0
1790035612.7358966,0.0,-0.0111320001300896,-0.3326889437878244,-1.6932671635722332,-0.3326889437878244,-1.6932671635722332,1,0
1790035612.8313005,0.0,-0.0111320001300896,-0.3364480720766169,-1.7091767368606867,-0.3364480720766169,-1.7091767368606867,1,0
1790035612.9287255,0.0,-0.0111320001300896,-0.3394218283915972,-1.7216377313420226,-0.3394218283915972,-1.7216377313420226,1,0
1790035613.0301433,0.0,-0.0111320001300896,-0.3432920932334034,-1.7376808412626124,-0.3432920932334034,-1.7376808412626124,1,0
1790035613.130697,0.0,-0.0111320001300896,-0.3471802155895285,-1.7536100683639344,-0.3471802155895285,-1.7536100683639344,1,0
1790035613.2402751,0.0,-0.0111320001300896,-0.3520350433166895,-1.7732721912246152,-0.3520350433166895,-1.7732721912246152,1,0
1790035613.3327763,0.0,-0.0111320001300896,-0.3559213146205193,-1.7888752209945336,-0.3559213146205193,-1.7888752209945336,1,0
1790035613.432481,0.0,-0.0111320001300896,-0.3598845920475663,-1.8046932013341297,-0.3598845920475663,-1.8046932013341297,1,0
1790035613.5323746,0.0,-0.0111320001300896,-0.3639166740259658,-1.820687200626436,-0.3639166740259658,-1.820687200626436,1,0
1790035613.6314657,0.0,-0.0111320001300896,-0.3679679429562867,-1.8366684382697456,-0.3679679429562867,-1.8366684382697456,1,0
1790035613.7456782,0.0,-0.0111320001300896,-0.3723525790531669,-1.8538587742710424,-0.3723525790531669,-1.8538587742710424,1,0
1790035613.829967,0.0,-0.0111320001300896,-0.3754600790492479,-1.8659811364434304,-0.3754600790492479,-1.8659811364434304,1,0
1790035613.92849,0.0,-0.0111320001300896,-0.3794911025503135,-1.8816472159109632,-0.3794911025503135,-1.8816472159109632,1,0
1790035614.0308506,0.0,-0.0111320001300896,-0.3835075502036186,-1.8972046536775784,-0.3835075502036186,-1.8972046536775784,1,0
1790035614.1332777,0.0,-0.0111320001300896,-0.3885124410395372,-1.9165028934258244,-0.3885124410395372,-1.9165028934258244,1,0
1790035614.244592,0.0,-0.0111320001300896,-0.3930060282316073,-1.9337317340786515,-0.3930060282316073,-1.9337317340786515,1,0
1790035614.3326845,0.0,-0.0111320001300896,-0.3967818419007808,-1.9481439173042063,-0.3967818419007808,-1.9481439173042063,1,0
1790035614.4313624,0.0,-0.0111320001300896,-0.4009713502278501,-1.964080177629581,-0.4009713502278501,-1.964080177629581,1,0
1790035614.5318,0.0,-0.0111320001300896,-0.4051955338080785,-1.9801006047534415,-0.4051955338080785,-1.9801006047534415,1,0
1790035614.630597,0.0,-0.0111320001300896,-0.4093895545352864,-1.9959501856776116,-0.4093895545352864,-1.9959501856776116,1,0
1790035614.7370968,0.0,-0.0111320001300896,-0.413821058644639,-2.012622988618673,-0.413821058644639,-2.012622988618673,1,0
1790035614.8299592,0.0,-0.0111320001300896,-0.4171122913552088,-2.0249419151017096,-0.4171122913552088,-2.0249419151017096,1,0
1790035614.929208,0.0,-0.0111320001300896,-0.4213745249626711,-2.0408045837879385,-0.4213745249626711,-2.0408045837879385,1,0
1790035615.028961,0.0,-0.0111320001300896,-0.4256624450318245,-2.056658710327633,-0.4256624450318245,-2.056658710327633,1,0
1790035615.1336155,0.0,-0.0111320001300896,-0.4309464273619123,-2.0760581566963374,-0.4309464273619123,-2.0760581566963374,1,0
1790035615.2403717,0.0,-0.0111320001300896,-0.4353768646388052,-2.0922472320683223,-0.4353768646388052,-2.0922472320683223,1,0
1790035615.3329554,0.0,-0.0111320001300896,-0.4396421314686427,-2.107784378622519,-0.4396421314686427,-2.107784378622519,1,0
1790035615.4318893,0.0,-0.0111320001300896,-0.4432320939578137,-2.12082217718776,-0.4432320939578137,-2.12082217718776,1,0
1790035615.530983,0.0,-0.0111320001300896,-0.4475908688095835,-2.1366018422856152,-0.4475908688095835,-2.1366018422856152,1,0
1790035615.6306937,0.0,-0.0111320001300896,-0.4520076005585122,-2.15252911711228,-0.4520076005585122,-2.15252911711228,1,0
1790035615.7484908,0.0,-0.0111320001300896,-0.4579634219935036,-2.173867195155664,-0.4579634219935036,-2.173867195155664,1,0
1790035615.833882,0.0,-0.0111320001300896,-0.4619681582677545,-2.1880856847885446,-0.4619681582677545,-2.1880856847885446,1,0
1790035615.933319,0.0,-0.0111320001300896,-0.4665073366135195,-2.2040517832131217,-0.4665073366135195,-2.2040517832131217,1,0
1790035616.030765,0.0,-0.0111320001300896,-0.4703515979578195,-2.217481227000829,-0.4703515979578195,-2.217481227000829,1,0
1790035616.133968,0.0,-0.0111320001300896,-0.4758030017330301,-2.236443178438794,-0.4758030017330301,-2.236443178438794,1,0
1790035616.249112,0.0,-0.0111320001300896,-0.4808544567122454,-2.253956160423375,-0.4808544567122454,-2.253956160423375,1,0
1790035616.3318274,0.0,-0.0111320001300896,-0.484946438996549,-2.2680927510778157,-0.484946438996549,-2.2680927510778157,1,0
1790035616.4311066,0.0,-0.0111320001300896,-0.4895686785206261,-2.283985117909519,-0.4895686785206261,-2.283985117909519,1,0
1790035616.5303314,0.0,-0.0111320001300896,-0.4942212479934146,-2.299885181440608,-0.4942212479934146,-2.299885181440608,1,0
1790035616.62932,0.0,-0.0111320001300896,-0.498259634396773,-2.3136160695093806,-0.498259634396773,-2.3136160695093806,1,0
1790035616.7497768,0.0,-0.0111320001300896,-0.5044035828001082,-2.3343874952177432,-0.5044035828001082,-2.3343874952177432,1,0
1790035616.8331037,0.0,-0.0111320001300896,-0.5085665033727788,-2.348408223529,-0.5085665033727788,-2.348408223529,1,0
1790035616.9315507,0.0,-0.0111320001300896,-0.5132950085498262,-2.3642947351197403,-0.5132950085498262,-2.3642947351197403,1,0
1790035617.0333724,0.0,-0.0111320001300896,-0.5181518699904035,-2.3805620008244337,-0.5181518699904035,-2.3805620008244337,1,0
1790035617.4347932,0.0,-0.0111320001300896,-0.5376063350483308,-2.4437098782868167,-0.5376063350483308,-2.4437098782868167,1,0
1790035617.4849572,0.0,-0.0111320001300896,-0.5400355026496642,-2.451565804364151,-0.5400355026496642,-2.451565804364151,1,0
1790035617.5396926,0.0,-0.0111320001300896,-0.542923793884415,-2.460880889502736,-0.542923793884415,-2.460880889502736,1,0
1790035617.6400578,0.0,-0.0111320001300896,-0.5479421016131784,-2.4769921507798363,-0.5479421016131784,-2.4769921507798363,1,0
1790035617.752287,0.0,-0.0111320001300896,-0.5534962381427063,-2.4947407028594384,-0.5534962381427063,-2.4947407028594384,1,0
1790035617.837649,0.0,-0.0111320001300896,-0.55800741185554,-2.5090974923928218,-0.55800741185554,-2.5090974923928218,1,0
1790035617.9411206,0.0,-0.0111320001300896,-0.563048344934368,-2.5250566787916013,-0.563048344934368,-2.5250566787916013,1,0
1790035618.0405526,0.0,-0.0111320001300896,-0.5680775575617747,-2.540884992819086,-0.5680775575617747,-2.540884992819086,1,0
1790035618.138311,0.0,-0.0111320001300896,-0.5731993364804037,-2.5569216120063465,-0.5731993364804037,-2.5569216120063465,1,0
1790035618.25013,0.0,-0.0111320001300896,-0.5786789778458127,-2.573994799006938,-0.5786789778458127,-2.573994799006938,1,0
1790035618.341984,0.0,-0.0111320001300896,-0.5834606743396537,-2.588810858379804,-0.5834606743396537,-2.588810858379804,1,0
1790035618.4389515,0.0,-0.0111320001300896,-0.5886187594531562,-2.604714582301576,-0.5886187594531562,-2.604714582301576,1,0
1790035618.539881,0.0,-0.0111320001300896,-0.5936472431867933,-2.6201371158822404,-0.5936472431867933,-2.6201371158822404,1,0
1790035618.6390057,0.0,-0.0111320001300896,-0.5989771767641257,-2.636414875807143,-0.5989771767641257,-2.636414875807143,1,0
1790035618.7462444,0.0,-0.0111320001300896,-0.6043805490189038,-2.6528577808928917,-0.6043805490189038,-2.6528577808928917,1,0
1790035618.841057,0.0,-0.0111320001300896,-0.6093665747608359,-2.6679690224637627,-0.6093665747608359,-2.6679690224637627,1,0
1790035618.9413126,0.0,-0.0111320001300896,-0.6146191205825982,-2.68379514359844,-0.6146191205825982,-2.68379514359844,1,0
1790035619.0412834,0.0,-0.0111320001300896,-0.6199050310584403,-2.6996061155144817,-0.6199050310584403,-2.6996061155144817,1,0
1790035619.1418073,0.0,-0.0111320001300896,-0.6252360236638452,-2.715449707017407,-0.6252360236638452,-2.715449707017407,1,0
1790035619.2542925,0.0,-0.0111320001300896,-0.6312630534095779,-2.7332681563757704,-0.6312630534095779,-2.7332681563757704,1,0
1790035619.338932,0.0,-0.0111320001300896,-0.6360197002054427,-2.747282978540458,-0.6360197002054427,-2.747282978540458,1,0
1790035619.4423342,0.0,-0.0111320001300896,-0.6414343316226276,-2.763199723532804,-0.6414343316226276,-2.763199723532804,1,0
1790035619.5416677,0.0,-0.0111320001300896,-0.6467900488196928,-2.77889866743118,-0.6467900488196928,-2.77889866743118,1,0
1790035619.6419337,0.0,-0.0111320001300896,-0.6522982114970118,-2.7949984500416747,-0.6522982114970118,-2.7949984500416747,1,0
1790035619.7490811,0.0275428678718123,-0.0545137415476224,-0.6580576816921364,-2.8117863010615523,-0.6580576816921364,-2.8117863010615523,1,1
1790035619.8408604,0.0723839173354153,0.0603064210347688,-0.663120317774489,-2.826511642851241,-0.663120317774489,-2.826511642851241,1,1
1790035619.9399986,-0.0383276094113216,-0.0347717791841793,-0.6684606796082,-2.84200664086524,-0.6684606796082,-2.84200664086524,1,1
1790035620.039249,0.090006500106384,0.0316033594158193,-0.6739138665730124,-2.85777284207722,-0.6739138665730124,-2.85777284207722,1,1
1790035620.1388223,0.107244141882974,0.021897174923279,-0.6794759545391262,-2.87378119969784,-0.6794759545391262,-2.87378119969784,1,1
1790035620.2393005,0.1767461685756718,0.120728541673462,-0.6851711488151719,-2.8901023029145576,-0.6851711488151719,-2.8901023029145576,1,1
1790035620.3367946,0.1600365583405608,0.1549771051482303,-0.6906846277614362,-2.9058527919343105,-0.6906846277614362,-2.9058527919343105,1,1
1790035620.4415848,0.2058622251758837,0.0736819803451097,-0.6962798934111913,-2.921813565877934,-0.6962798934111913,-2.921813565877934,1,1
1790035620.5419688,0.2255932241653719,0.0859758420213213,-0.7019825781524301,-2.938069787763196,-0.7019825781524301,-2.938069787763196,1,1
1790035620.638048,0.2746892201077349,0.1479562907590827,-0.7076106293434391,-2.9540946888108808,-0.7076106293434391,-2.9540946888108808,1,1
1790035620.7392323,0.2463892014671131,0.1338171998747396,-0.7132011088885077,-2.9699650873719534,-0.7132011088885077,-2.9699650873719534,1,1
1790035620.8383155,0.3411086446904492,0.177186737071593,-0.7187840176597184,-2.985737320584231,-0.7187840176597184,-2.985737320584231,1,1
1790035620.937391,0.2829125698707257,0.18435475491844,-0.724400183446711,-3.0015071533054845,-0.724400183446711,-3.0015071533054845,1,1
1790035621.0422685,0.3567175989144281,0.2382802096409283,-0.730135354262754,-3.0175290698279533,-0.730135354262754,-3.0175290698279533,1,1
1790035621.13859,0.3744093766530636,0.2581233936339536,-0.7359109128271105,-3.033589029292922,-0.7359109128271105,-3.033589029292922,1,1
1790035621.2430344,0.4865218461633352,0.2342336235220399,-0.7417196188968854,-3.049666323296062,-0.7417196188968854,-3.049666323296062,1,1
1790035621.33857,0.3773048224082158,0.2303048553250752,-0.7473666595108424,-3.065248837771908,-0.7473666595108424,-3.065248837771908,1,1
1790035621.4384315,0.4582564269072239,0.3446255473059687,-0.7531363914010017,-3.08114201099983,-0.7531363914010017,-3.08114201099983,1,1
1790035621.538482,0.4463470419360745,0.2633850828835176,-0.7589136878192275,-3.0970358180815665,-0.7589136878192275,-3.0970358180815665,1,1
1790035621.6377163,0.4352067584094699,0.3549980902962338,-0.7646786848581083,-3.1128844859336358,-0.7646786848581083,-3.1128844859336358,1,1
1790035621.7447703,0.5399015774428181,0.3680472590278217,-0.770613310472374,-3.129210280187592,-0.770613310472374,-3.129210280187592,1,1
1790035621.83719,0.4921751007785726,0.3684005273972905,-0.7762144320001164,-3.1446641002166404,-0.7762144320001164,-3.1446641002166404,1,1
1790035621.9417677,0.5569844072257584,0.3857218961529819,-0.7819722247744797,-3.160625566485493,-0.7819722247744797,-3.160625566485493,1,1
1790035622.0410347,0.619115986915177,0.4030484084061855,-0.7876641517508696,-3.1765055254923484,-0.7876641517508696,-3.1765055254923484,1,1
1790035622.1403182,0.6338887001524834,0.4123315798442906,-0.7933037206722636,-3.1923564159162967,-0.7933037206722636,-3.1923564159162967,1,1
1790035622.2413845,0.6392356043270224,0.4579078208833886,-0.7989837017873886,-3.208431107123439,-0.7989837017873886,-3.208431107123439,1,1
1790035622.338744,0.5758474934989434,0.4271127693296266,-0.8047113807851414,-3.2247265498275013,-0.8047113807851414,-3.2247265498275013,1,1
1790035622.4380395,0.6495881138645252,0.4282385254322873,-0.8102491879737884,-3.2405400383325933,-0.8102491879737884,-3.2405400383325933,1,1
1790035622.542611,0.6850475827049071,0.5529233807933913,-0.8158508813866618,-3.2565846640389635,-0.8158508813866618,-3.2565846640389635,1,1
1790035622.6426015,0.6800853923516431,0.5437959096516596,-0.8213974081574276,-3.2725170304739413,-0.8213974081574276,-3.2725170304739413,1,1
1790035622.7417798,0.6636060952055427,0.4957036436309849,-0.8269367661781271,-3.288477873091783,-0.8269367661781271,-3.288477873091783,1,1
1790035622.8410408,0.7802802035326302,0.5588391507145655,-0.8324264737402222,-3.3043453932925333,-0.8324264737402222,-3.3043453932925333,1,1
1790035622.9402432,0.8320824325393642,0.5862654426785384,-0.8379188703183672,-3.320264735262881,-0.8379188703183672,-3.320264735262881,1,1
1790035623.0395997,0.8035012525563227,0.5405770404551169,-0.8436566307892817,-3.336934258260254,-0.8436566307892817,-3.336934258260254,1,1
1790035623.1386049,0.8881663993093533,0.5711655326238949,-0.8491480812034783,-3.3529204073846066,-0.8491480812034783,-3.3529204073846066,1,1
1790035623.23908,0.806174597479782,0.5413554284378703,-0.8546181056168557,-3.3688726710335706,-0.8546181056168557,-3.3688726710335706,1,1
1790035623.34226,0.8493423149265026,0.6406322995887448,-0.8601542419805459,-3.38504205935436,-0.8601542419805459,-3.38504205935436,1,1
1790035623.4414854,0.9268204525634872,0.6673725563236034,-0.8656182867160057,-3.401020305367048,-0.8656182867160057,-3.401020305367048,1,1
1790035623.5407038,0.92271901226691,0.6578480686466984,-0.871110902016044,-3.417103115937368,-0.871110902016044,-3.417103115937368,1,1
1790035623.639874,0.9997318078612532,0.6515182654519934,-0.8765797281681904,-3.43313702390288,-0.8765797281681904,-3.43313702390288,1,1
1790035623.7422802,1.0164569400324557,0.6515106412626165,-0.8822885558475029,-3.449877000393708,-0.8822885558475029,-3.449877000393708,1,1
1790035623.8393502,0.9993200072771276,0.6822231593562653,-0.8878189216748912,-3.466082833376668,-0.8878189216748912,-3.466082833376668,1,1
1790035623.9399529,0.9824033715472796,0.7429696669458026,-0.893164503733609,-3.481728133618712,-0.893164503733609,-3.481728133618712,1,1
1790035624.039889,1.043284131093713,0.7364420717458412,-0.8987043253637104,-3.497916860210818,-0.8987043253637104,-3.497916860210818,1,1
1790035624.138935,1.1151316990716058,0.7751870587311951,-0.9044764297626268,-3.5147487231096424,-0.9044764297626268,-3.5147487231096424,1,1
1790035624.2388296,1.1489122625460777,0.7651253691650143,-0.9099556109302844,-3.5307040337672824,-0.9099556109302844,-3.5307040337672824,1,1
1790035624.340062,1.1193554827515435,0.7834830697338282,-0.915554732855732,-3.546996791618903,-0.915554732855732,-3.546996791618903,1,1
1790035624.439361,1.0805560175980875,0.7322000597357118,-0.9212165489891188,-3.563464391675652,-0.9212165489891188,-3.563464391675652,1,1
1790035624.537784,1.1229747801947256,0.7716292767694556,-0.926779397635829,-3.5796317340858157,-0.926779397635829,-3.5796317340858157,1,1
1790035624.6389885,1.2339690083374977,0.7936322023002979,-0.932462268516127,-3.596166558085247,-0.932462268516127,-3.596166558085247,1,1
1790035624.751484,1.222717425859967,0.9232249869970852,-0.9379616859276992,-3.613696949864164,-0.9379616859276992,-3.613696949864164,1,1
1790035624.8381755,1.2451164398326615,0.9100566313194176,-0.9405380691711084,-3.627522674320512,-0.9405380691711084,-3.627522674320512,1,1
1790035624.942323,1.2418425294834616,0.8808299292577012,-0.9383323820432132,-3.64005966252932,-0.9383323820432132,-3.64005966252932,1,1
1790035625.0392194,1.282990568823871,0.9019554027470515,-0.9274707160448018,-3.6451231394844688,-0.9274707160448018,-3.6451231394844688,1,1
1790035625.1422856,1.4250697281506437,0.8614079396525449,-0.904634189676796,-3.638215358599695,-0.904634189676796,-3.638215358599695,1,1
1790035625.2457125,1.466504996801382,1.0219857162036718,-0.863728288779027,-3.6131147965350494,-0.863728288779027,-3.6131147965350494,1,1
1790035625.3391554,1.492508669755133,1.00953503980529,-0.8069683924228132,-3.570149951115708,-0.8069683924228132,-3.570149951115708,1,1
1790035625.4412718,1.6326210373819154,1.139726756072463,-0.7288987825143205,-3.505288986577034,-0.7288987825143205,-3.505288986577034,1,1
1790035625.5396414,1.764682407949732,1.2844087442883731,-0.6252105990259229,-3.41465849589072,-0.6252105990259229,-3.41465849589072,1,1
1790035625.6387317,1.975505086258562,1.410851120329191,-0.5032866634999061,-3.3050953107573267,-0.5032866634999061,-3.3050953107573267,1,1
1790035625.7387269,2.014065745927374,1.5825731396024851,-0.3620537235583098,-3.17584871822292,-0.3620537235583098,-3.17584871822292,1,1
1790035625.8424888,2.256068793411259,1.815271352274613,-0.1979754092842567,-3.023684116099376,-0.1979754092842567,-3.023684116099376,1,1
1790035625.9418995,2.4928181711149517,1.9603734299268325,-0.0184922137454617,-2.855464469550223,-0.0184922137454617,-2.855464469550223,1,1
1790035626.041148,2.7392596994627443,2.0894136887628023,0.1803622676722526,-2.667421666365485,0.1803622676722526,-2.667421666365485,1,1
1790035626.139043,2.8760409474019224,2.3308761491006207,0.4020604709410482,-2.456170977497852,0.4020604709410482,-2.456170977497852,1,1
1790035626.2453618,3.141620251516768,2.560437210785328,0.6395878412318765,-2.2283650565811794,0.6395878412318765,-2.2283650565811794,1,1
1790035626.3412273,3.461538063050527,2.8795602392990878,0.8820840211591164,-1.994589724948256,0.8820840211591164,-1.994589724948256,1,1
1790035626.4411285,3.644058121172941,3.1242507122234264,1.147724718051231,-1.7374303595856373,1.147724718051231,-1.7374303595856373,1,1
1790035626.5372877,4.038328861194774,3.511782393541402,1.4340053003731503,-1.4593488461559423,1.4340053003731503,-1.4593488461559423,1,1
1790035626.63772,4.437672757119207,3.933414884730978,1.7333993214312864,-1.167843499142,1.7333993214312864,-1.167843499142,1,1
1790035626.7454877,4.702776899405131,4.079616739718655,2.062408254849813,-0.846951412303772,2.062408254849813,-0.846951412303772,1,1
1790035626.841781,4.925932749067587,4.493008673825424,2.38359254992316,-0.5333651154187383,2.38359254992316,-0.5333651154187383,1,1
1790035626.9386413,5.360662415299804,4.820614292205116,2.731562585777878,-0.1934913042855049,2.731562585777878,-0.1934913042855049,1,1
1790035627.04048,5.749780602017901,5.208090274749675,3.0833682615018363,0.1500677692161064,3.0833682615018363,0.1500677692161064,1,1
1790035627.1427584,6.221946715879648,5.6079376040531255,3.457687198718912,0.5153682585870201,3.457687198718912,0.5153682585870201,1,1
1790035627.2428896,6.548450560436325,5.932888369253458,3.82392382307705,0.8723963770750135,3.82392382307705,0.8723963770750135,1,1
1790035627.3428512,6.869419233177111,6.356044333502854,4.198482649489215,1.2370362364320149,4.198482649489215,1.2370362364320149,1,1
1790035627.4421754,7.356156912973972,6.864335235055711,4.571419456845158,1.599516192982217,4.571419456845158,1.599516192982217,1,1
1790035627.539552,7.761495605883629,7.23145158990978,4.959923303955198,1.976434680679467,4.959923303955198,1.976434680679467,1,1
1790035627.643671,8.136888069909908,7.519471497949327,5.345485127697476,2.3498150911571574,5.345485127697476,2.3498150911571574,1,1
1790035627.7511775,8.53037862692153,7.950576343736476,5.761452859365604,2.751836547636048,5.761452859365604,2.751836547636048,1,1
1790035627.8431864,9.08895288497074,8.340088542365507,6.114709942981202,3.0926348448878107,6.114709942981202,3.0926348448878107,1,1
1790035627.9434686,9.439460128447571,8.742887367964322,6.5040930207935705,3.467662304155255,6.5040930207935705,3.467662304155255,1,1
1790035628.0420268,9.858696922212754,9.21386047116646,6.890043785519636,3.8387829590061857,6.890043785519636,3.8387829590061857,1,1
1790035628.1402168,10.218778516540436,9.599090649354476,7.27201130157891,4.205568448848092,7.27201130157891,4.205568448848092,1,1
1790035628.249917,10.62026992528562,10.04306082111384,7.700320798425702,4.616289815969758,7.700320798425702,4.616289815969758,1,1
1790035628.3416753,11.043171684833322,10.376018034005789,8.064494928929054,4.965112167892257,8.064494928929054,4.965112167892257,1,1
1790035628.4395883,11.4255262319406,10.852395900175464,8.466000176827729,5.349316762989609,8.466000176827729,5.349316762989609,1,1
1790035628.5417998,11.992936250161527,11.270105913044873,8.853510607904745,5.719855803897878,8.853510607904745,5.719855803897878,1,1
1790035628.6409285,12.331850774883106,11.694207009212075,9.250723412004373,6.099387443804647,9.250723412004373,6.099387443804647,1,1
1790035628.7428942,12.83665914482238,12.109182358206404,9.663758358458516,6.493770136551319,9.663758358458516,6.493770136551319,1,1
1790035628.8394473,13.18305894272033,12.582025841417058,10.063936727718731,6.8756649357300645,10.063936727718731,6.8756649357300645,1,1
1790035628.9423623,13.649774602903666,13.021960099497967,10.468082866771796,7.261189762777255,10.468082866771796,7.261189762777255,1,1
1790035629.0394838,14.069884431269571,13.301412825472624,10.876247866752614,7.65040139749228,10.876247866752614,7.65040139749228,1,1
1790035629.1433344,14.4263543284839,13.874936551389997,11.285964891966849,8.040970635934173,11.285964891966849,8.040970635934173,1,1
1790035629.2456238,15.014601506688264,14.20176743749161,11.695689237965144,8.431454070587302,11.695689237965144,8.431454070587302,1,1
1790035629.3408308,15.34117430017089,14.712082156227403,12.083302510721031,8.800769635448106,12.083302510721031,8.800769635448106,1,1
1790035629.4388518,15.746666565734238,15.023024356730724,12.499340363623542,9.197080494173246,12.499340363623542,9.197080494173246,1,1
1790035629.542173,16.268094639507982,15.466561211748065,12.90478005856399,9.583245835549898,12.90478005856399,9.583245835549898,1,1
1790035629.640764,16.668419283017354,15.90696818072044,13.298124810400388,9.957877304048347,13.298124810400388,9.957877304048347,1,1
1790035629.7410605,17.11872027951184,16.414656731037496,13.722392303086394,10.361966803322224,13.722392303086394,10.361966803322224,1,1
1790035629.839223,17.53901252860155,16.80525467175141,14.129020185280776,10.749271553100568,14.129020185280776,10.749271553100568,1,1
1790035629.9384274,17.864872510258124,17.188444227928823,14.533127516373073,11.134195704897593,14.533127516373073,11.134195704897593,1,1
1790035630.0430276,18.368521582702325,17.55982235653025,14.9410923538896,11.522817756257206,14.9410923538896,11.522817756257206,1,1
1790035630.1423948,18.79971326852193,18.02190723276583,15.34943496097766,11.911824209589414,15.34943496097766,11.911824209589414,1,1
1790035630.2427034,19.32258517523085,18.40143817353361,15.7584820106516,12.301526761319405,15.7584820106516,12.301526761319405,1,1
1790035630.3406887,19.719998017803498,18.87229395000957,16.15489014881293,12.679210848755126,16.15489014881293,12.679210848755126,1,1
1790035630.4397264,20.134939604704755,19.37556601044978,16.574792550571427,13.07930228768217,16.574792550571427,13.07930228768217,1,1
1790035630.5388553,20.61110828761466,19.821239435577912,16.978487742948836,13.463974810395223,16.978487742948836,13.463974810395223,1,1
1790035630.6381297,21.00939223081892,20.148538836127518,17.381995441390664,13.8484956534262,17.381995441390664,13.8484956534262,1,1
1790035630.7521684,21.44246783452678,20.61583578056008,17.82988619715165,14.27534856389354,17.82988619715165,14.27534856389354,1,1
1790035630.8423884,21.89317935773008,20.97689995289379,18.19686668416985,14.625115191303257,18.19686668416985,14.625115191303257,1,1
1790035630.942942,22.32210451239204,21.471717310701163,18.61008679591381,15.018964535167813,18.61008679591381,15.018964535167813,1,1
1790035631.0395265,22.875707705634547,21.97151971275472,19.012891398062088,15.402886293772308,19.012891398062088,15.402886293772308,1,1
1790035631.1428096,23.141071972886333,22.292964551419782,19.417230590206486,15.788263067623266,19.417230590206486,15.788263067623266,1,1
1790035631.2472937,23.544757293840217,22.696529250833223,19.83548979571422,16.186886098752495,19.83548979571422,16.186886098752495,1,1
1790035631.3418262,24.06545934025524,23.21450776522491,20.22452256295129,16.557627488016067,20.22452256295129,16.557627488016067,1,1
1790035631.4433043,24.437603251048834,23.53972139617372,20.631130851847008,16.945085487692122,20.631130851847008,16.945085487692122,1,1
1790035631.5404897,24.799094619502537,23.992902394243263,21.03458436407356,17.329501321513995,21.03458436407356,17.329501321513995,1,1
1790035631.643583,25.287191849158248,24.393055299873307,21.437082095334464,17.712967282514057,21.437082095334464,17.712967282514057,1,1
1790035631.7666538,25.726154174618845,24.8478752825548,21.92597442125539,18.17868300161279,21.92597442125539,18.17868300161279,1,1
1790035631.841159,26.10893890064789,25.192808498287075,22.24381738876963,18.481419983985933,22.24381738876963,18.481419983985933,1,1
1790035631.941062,26.727278922433584,25.61973221077951,22.63453018823548,18.853513776981146,22.63453018823548,18.853513776981146,1,1
1790035632.0406232,26.98988457717758,26.19383280617103,23.04269324146664,19.24216202840548,23.04269324146664,19.24216202840548,1,1
1790035632.436963,28.068100726882264,26.89084816580113,24.612580022800103,20.736029039673525,24.612580022800103,20.736029039673525,1,1
1790035632.500297,28.927678553004483,27.990414339736663,24.85604372389989,20.96768224485457,24.85604372389989,20.96768224485457,1,1
1790035632.5406785,29.260326109322627,28.153582259783143,25.03404074507056,21.13703714506888,25.03404074507056,21.13703714506888,1,1
1790035632.6402397,29.594612815396893,28.65967578241941,25.438278753328717,21.521610563845638,25.438278753328717,21.521610563845638,1,1
1790035632.753653,30.055926395693835,29.022268464758863,25.884079727468688,21.94565016585193,25.884079727468688,21.94565016585193,1,1
1790035632.8383756,30.447757688680404,29.38766192998364,26.2387941923649,22.28294618040917,26.2387941923649,22.28294618040917,1,1
1790035632.9404876,30.867074294228484,29.85027806626344,26.641349192247425,22.665478858400917,26.641349192247425,22.665478858400917,1,1
1790035633.0384698,31.295954331100145,30.242311158488445,27.02191959142778,23.026672201097703,27.02191959142778,23.026672201097703,1,1
1790035633.140705,31.714330808074944,30.71679324146639,27.406817914920143,23.391265319885296,27.406817914920143,23.391265319885296,1,1
1790035633.250044,32.08852270701537,31.06991555252729,27.780872156520186,23.744567830737868,27.780872156520186,23.744567830737868,1,1
1790035633.338616,32.45014652507947,31.41266475880385,28.092063100447263,24.03747621754069,28.092063100447263,24.03747621754069,1,1
1790035633.441937,32.763616555666964,31.780224012455907,28.412711808287423,24.338025548441628,28.412711808287423,24.338025548441628,1,1
1790035633.5406704,33.127752044323266,32.186611065009515,28.714417016791195,24.61934840808715,28.714417016791195,24.61934840808715,1,1
1790035633.6409194,33.51734391322032,32.40792712561557,28.995115632045856,24.879680661585628,28.995115632045856,24.879680661585628,1,1
1790035633.7491815,33.699474067043454,32.618811194673526,29.268587439116352,25.131832889365544,29.268587439116352,25.131832889365544,1,1
1790035633.8420582,34.074197554870814,32.959586790650135,29.497937020248944,25.34218770769362,29.497937020248944,25.34218770769362,1,1
1790035633.939023,34.307587508806265,33.12080905328817,29.73735860940228,25.560750868100538,29.73735860940228,25.560750868100538,1,1
1790035634.0384295,34.58133583237421,33.481636534406924,29.96444030354093,25.76717934311395,29.96444030354093,25.76717934311395,1,1
1790035634.1384842,34.73098524823492,33.68632798921031,30.184795773649924,25.966815101883604,30.184795773649924,25.966815101883604,1,1
1790035634.251835,35.05450298179527,33.95467218584564,30.425444069169924,26.184142487720337,30.425444069169924,26.184142487720337,1,1
1790035634.338617,35.265911519431846,34.184447262162095,30.62098600854817,26.360273502232264,30.62098600854817,26.360273502232264,1,1
1790035634.4416893,35.511127409156515,34.42649373104388,30.836355707228023,26.553829181176138,30.836355707228023,26.553829181176138,1,1
1790035634.5417726,35.839772587810565,34.53039431839474,31.047804265456143,26.74346264071773,31.047804265456143,26.74346264071773,1,1
1790035634.6393273,35.9871275841925,34.89584738195398,31.26228451259493,26.9354547565736,31.26228451259493,26.9354547565736,1,1
1790035634.7527344,36.250437575532246,35.09944833002477,31.489849663244843,27.13876892019809,31.489849663244843,27.13876892019809,1,1
1790035634.8388605,36.37776536819469,35.36077180195349,31.680852728893047,27.309112976285977,31.680852728893047,27.309112976285977,1,1
1790035634.9375367,36.78501668256873,35.485034461240794,31.88569104996057,27.491476421922098,31.88569104996057,27.491476421922098,1,1
1790035635.0414624,36.97617833133195,35.774692071077425,32.09364059040815,27.67626668857301,32.09364059040815,27.67626668857301,1,1
1790035635.141183,37.16322505607901,35.95600860159775,32.30809654219673,27.866501271311503,32.30809654219673,27.866501271311503,1,1
1790035635.2513983,37.37637370086583,36.304128848261946,32.525202944621086,28.058747450585454,32.525202944621086,28.058747450585454,1,1
1790035635.338766,37.65249798865983,36.5411518275426,32.7147591497244,28.226330611281952,32.7147591497244,28.226330611281952,1,1
1790035635.4378812,37.90631320900671,36.69392161266878,32.91881836009467,28.40646127632776,32.91881836009467,28.40646127632776,1,1
1790035635.5425184,38.160073739263744,36.91229815702101,33.122398045790206,28.585895345611604,33.122398045790206,28.585895345611604,1,1
1790035635.6385374,38.346671147221365,37.09241822722498,33.32535423826938,28.764544841956045,33.32535423826938,28.764544841956045,1,1
1790035635.7491748,38.53550797015394,37.29178928992978,33.53873068431215,28.95213716148361,33.53873068431215,28.95213716148361,1,1
1790035635.8388848,38.79434779666324,37.48355796205352,33.72985789523549,29.119998439747175,33.72985789523549,29.119998439747175,1,1
1790035635.9381137,39.00809145263438,37.750391190892216,33.928354422251275,29.294191404420413,33.928354422251275,29.294191404420413,1,1
1790035636.0421407,39.25282075595565,38.004611429478885,34.12868070391804,29.46987029266826,34.12868070391804,29.46987029266826,1,1
1790035636.139709,39.50898796058608,38.22077157336009,34.33002228952008,29.64634985067499,34.33002228952008,29.64634985067499,1,1
1790035636.2507615,39.55728639274386,38.38923831220521,34.54335470208616,29.833252578746112,34.54335470208616,29.833252578746112,1,1
1790035636.339778,39.79888372113228,38.58236529800512,34.72873332904358,29.99561012709489,34.72873332904358,29.99561012709489,1,1
1790035636.4375277,40.14770914975726,38.84622005961605,34.922090460560675,30.16491478569669,34.922090460560675,30.16491478569669,1,1
1790035636.5370772,40.26138534364463,38.97003128031833,35.1200863710913,30.338248262915837,35.1200863710913,30.338248262915837,1,1
1790035636.6376688,40.51333301366248,39.177574242822665,35.31795377382094,30.511446714164503,35.31795377382094,30.511446714164503,1,1
1790035636.755707,40.706864535669375,39.46355789886735,35.54271974371863,30.708172792873004,35.54271974371863,30.708172792873004,1,1
1790035636.83724,41.00886560229424,39.69280111343111,35.71174800639922,30.856112048615486,35.71174800639922,30.856112048615486,1,1
1790035636.9395242,41.05231349910517,39.88442571699149,35.913842905753846,31.033003288847443,35.913842905753846,31.033003288847443,1,1
1790035637.0396976,41.39481712104413,40.096383038597885,36.110584060355926,31.20523257105748,36.110584060355926,31.20523257105748,1,1
1790035637.1385136,41.68695158970724,40.189906155082674,36.30548926114257,31.37591243940351,36.30548926114257,31.37591243940351,1,1
1790035637.2534597,41.804553717026366,40.5316365018596,36.5241217737978,31.56749974388673,36.5241217737978,31.56749974388673,1,1
1790035637.3401434,41.96697340453492,40.780048564911816,36.703029510233485,31.7244148668631,36.703029510233485,31.7244148668631,1,1
1790035637.4393125,42.27948338806847,40.96602061498822,36.89883861699408,31.896330318116824,36.89883861699408,31.896330318116824,1,1
1790035637.5396304,42.456891350518845,41.17088560457517,37.09678491570607,32.07032214084882,37.09678491570607,32.07032214084882,1,1
1790035637.640313,42.75424647567118,41.35954205340628,37.29483604932727,32.24460382147601,37.29483604932727,32.24460382147601,1,1
1790035637.752026,42.939716243009705,41.56988212774869,37.512451100031655,32.43633938866864,37.512451100031655,32.43633938866864,1,1
1790035637.8392737,43.09691173488598,41.75324548359422,37.6906006737286,32.5934680200167,37.6906006737286,32.5934680200167,1,1
1790035637.9392264,43.35673608729166,41.997366764447,37.88884845991876,32.76848719617753,37.88884845991876,32.76848719617753,1,1
1790035638.039882,43.62973116983046,42.13183436345452,38.08891551299057,32.94526449981399,38.08891551299057,32.94526449981399,1,1
1790035638.138261,43.79738602564868,42.47613833102714,38.28448276333882,33.11817106435697,38.28448276333882,33.11817106435697,1,1
1790035638.2422366,43.98265067949987,42.57922042770174,38.4856157815158,33.29607914075114,38.4856157815158,33.29607914075114,1,1
1790035638.340015,44.25369427260554,42.86862119008429,38.68594749259178,33.473340208773145,38.68594749259178,33.473340208773145,1,1
1790035638.4397607,44.45930442870178,43.110389503671925,38.8842023480158,33.64881738607441,38.8842023480158,33.64881738607441,1,1
1790035638.539136,44.72571413508852,43.30350826763838,39.08259014542352,33.82446517500037,39.08259014542352,33.82446517500037,1,1
1790035638.6409185,44.9353131549431,43.58455794341496,39.28863510854279,34.00693733637981,39.28863510854279,34.00693733637981,1,1
1790035638.7553625,45.116115445557526,43.58806789126338,39.51064549855762,34.203575939039595,39.51064549855762,34.203575939039595,1,1
1790035638.8424122,45.427698611763006,43.88071393520214,39.684790793800566,34.357826084870084,39.684790793800566,34.357826084870084,1,1
1790035638.940296,45.5766546848992,44.175163576206366,39.89035084585209,34.53989390364124,39.89035084585209,34.53989390364124,1,1
1790035639.0373392,45.714715923746205,44.26417820212397,40.08576362509709,34.71295656455738,40.08576362509709,34.71295656455738,1,1
1790035639.1403663,45.93072554542631,44.50515792427376,40.29024594381397,34.894039748694574,40.29024594381397,34.894039748694574,1,1
1790035639.2400703,46.25699337609057,44.788606495063576,40.49000935470796,35.070935670557084,40.49000935470796,35.070935670557084,1,1
1790035639.3390515,46.47286971499374,44.90916678391289,40.69092501838633,35.248841468429305,40.69092501838633,35.248841468429305,1,1
1790035639.437967,46.56757918209527,45.19991945058106,40.89062169475989,35.42566570045495,40.89062169475989,35.42566570045495,1,1
1790035639.5425477,46.88491606215651,45.42741055711316,41.093242612026415,35.60509218831298,41.093242612026415,35.60509218831298,1,1
1790035639.641822,47.1677190714806,45.62881177653676,41.30262514868204,35.790527988888506,41.30262514868204,35.790527988888506,1,1
1790035639.746524,47.3960783768227,45.85175265290575,41.50579660877504,35.97048983773907,41.50579660877504,35.97048983773907,1,1
1790035639.8401704,47.607308401072586,46.02154841225565,41.70463352853334,36.14663923004495,41.70463352853334,36.14663923004495,1,1
1790035639.9396858,47.79600035624551,46.2841207933014,41.90321452673891,36.32258600521331,41.90321452673891,36.32258600521331,1,1
1790035640.0387003,48.07006001101016,46.47200864938659,42.10328299713919,36.49986594764883,42.10328299713919,36.49986594764883,1,1
1790035640.137717,48.27914514022114,46.69581785636877,42.303659386739135,36.677440068338015,42.303659386739135,36.677440068338015,1,1
1790035640.2467792,48.46465330731988,46.95859639941871,42.51534337323746,36.86506667758397,42.51534337323746,36.86506667758397,1,1
1790035640.338507,48.593139364067625,47.068456690850375,42.711721171256194,37.039161186805714,42.711721171256194,37.039161186805714,1,1
1790035640.4395442,48.84323285332476,47.2343612793552,42.91514336781957,37.2195412140307,42.91514336781957,37.2195412140307,1,1
1790035640.539447,49.10769987160361,47.60608035965189,43.117404148379606,37.39893375799367,43.117404148379606,37.39893375799367,1,1
1790035640.6401234,49.3518299277046,47.79619783442519,43.3219231550477,37.58036522194404,43.3219231550477,37.58036522194404,1,1
1790035640.7467756,49.64646460706075,48.07142060384621,43.52563517402489,37.76109716373456,43.52563517402489,37.76109716373456,1,1
1790035640.8415651,49.81156121931162,48.28940229962523,43.72495811400165,37.937822329923776,43.72495811400165,37.937822329923776,1,1
1790035640.9378152,50.03391956060843,48.38565912323972,43.91633677203872,38.10712441660012,43.91633677203872,38.10712441660012,1,1
1790035641.0405903,50.215491824171885,48.560431020787945,44.1115522657688,38.27893811314472,44.1115522657688,38.27893811314472,1,1
1790035641.1413815,50.40713803665415,48.8120124524408,44.28862620109162,38.43347310776105,44.28862620109162,38.43347310776105,1,1
1790035641.2540853,50.6828279453972,49.09119305107596,44.46198261495435,38.58247276432323,44.46198261495435,38.58247276432323,1,1
1790035641.3433492,50.73164875074098,49.18487183669277,44.58838268692765,38.6887910086567,44.58838268692765,38.6887910086567,1,1
1790035641.442044,50.900079166425385,49.339532021412126,44.71169546362797,38.78927162318804,44.71169546362797,38.78927162318804,1,1
1790035641.538325,51.07815100893568,49.34100723882203,44.80847778102552,38.86430780217128,44.80847778102552,38.86430780217128,1,1
1790035641.638765,51.23750663696524,49.50864150426238,44.88754677596627,38.92102054627292,44.88754677596627,38.92102054627292,1,1
1790035641.7550125,51.25651142779968,49.57219895283047,44.95268341026794,38.961418143005055,44.95268341026794,38.961418143005055,1,1
1790035641.843866,51.31771862982763,49.706898394126654,44.9915798682409,38.9802370656172,44.9915798682409,38.9802370656172,1,1
1790035641.9388926,51.40063569862874,49.75168445898196,45.02278137535889,38.98941784911798,45.02278137535889,38.98941784911798,1,1
1790035642.038004,51.479784764433376,49.851734817109886,45.04510881975247,38.98946812525624,45.04510881975247,38.98946812525624,1,1
1790035642.142733,51.48844248747997,49.7521438999426,45.06128406736968,38.98288792791518,45.06128406736968,38.98288792791518,1,1
1790035642.2441945,51.602033002793135,49.83800314380152,45.07319548000915,38.971351030230586,45.07319548000915,38.971351030230586,1,1
1790035642.3411124,51.637296838923774,49.90155534974103,45.08185957728589,38.957077717216016,45.08185957728589,38.957077717216016,1,1
1790035642.4402745,51.6084571855967,49.928020402396406,45.088721861574975,38.940919500685744,45.088721861574975,38.940919500685744,1,1
1790035642.5404215,51.74625357213683,50.04279522361898,45.09464986753596,38.92318779927398,45.09464986753596,38.92318779927398,1,1
1790035642.639468,51.67651223609025,49.97513094313325,45.09996891670316,38.90494545522767,45.09996891670316,38.90494545522767,1,1
1790035642.7385187,51.75119647703579,49.94188231645695,45.10514640088032,38.8860859678981,45.10514640088032,38.8860859678981,1,1
1790035642.8378963,51.74753780143475,49.99997242612657,45.110310913568085,38.86688446979625,45.110310913568085,38.86688446979625,1,1
1790035642.9424193,51.77226574822884,49.988714697591206,45.11553761455685,38.84745349972204,45.11553761455685,38.84745349972204,1,1
1790035643.0415568,51.70145457969584,49.94379285395669,45.121106038096144,38.8268896168885,45.121106038096144,38.8268896168885,1,1
1790035643.140759,51.75852043729752,50.04157826725585,45.12652292968737,38.80699076809542,45.12652292968737,38.80699076809542,1,1
1790035643.2507122,51.82675057159364,50.19142555233662,45.132386040055415,38.78541655794998,45.132386040055415,38.78541655794998,1,1
1790035643.3383374,51.91824334393813,50.06153737458886,45.13748967358274,38.76643658043741,45.13748967358274,38.76643658043741,1,1
1790035643.4387455,51.9050039425856,50.10656553072568,45.14303152132821,38.745376622698,45.14303152132821,38.745376622698,1,1
1790035643.539438,51.89814507083301,50.15351218043396,45.1484290522012,38.724137086016086,45.1484290522012,38.724137086016086,1,1
1790035643.6383383,51.97670433182446,50.14430104137979,45.15362010297958,38.70271856267497,45.15362010297958,38.70271856267497,1,1
1790035643.748151,52.02592435089305,50.1230628536891,45.15888037577961,38.67960045027304,45.15888037577961,38.67960045027304,1,1
1790035643.8412793,51.99593457506568,50.32606829439772,45.16351155780268,38.65764350699939,45.16351155780268,38.65764350699939,1,1
1790035643.9409332,52.03126113241713,50.28499308224689,45.16791119871573,38.63487734799699,45.16791119871573,38.63487734799699,1,1
1790035644.0396342,52.04893849202403,50.248222982734,45.17195533851393,38.6116982223079,45.17195533851393,38.6116982223079,1,1
1790035644.141106,52.06645953933327,50.22812427528319,45.1757436267575,38.58725761738116,45.1757436267575,38.58725761738116,1,1
1790035644.253163,52.0578621467692,50.27744173467354,45.17927850980968,38.56102243936008,45.17927850980968,38.56102243936008,1,1
1790035644.3386347,52.06618549139914,50.30391328244128,45.18186283917954,38.53891092305609,45.18186283917954,38.53891092305609,1,1
1790035644.4404914,52.18805754038496,50.30648737335601,45.18440365694988,38.513551288607566,45.18440365694988,38.513551288607566,1,1
1790035644.5383558,52.14353049788172,50.32769889427826,45.18649863594759,38.48855859218189,45.18649863594759,38.48855859218189,1,1
1790035644.6421115,52.167906792984745,50.36963152113571,45.18835427172984,38.4620126255922,45.18835427172984,38.4620126255922,1,1
1790035644.7426116,52.116467601935085,50.323367144391874,45.18985216556917,38.43644291680279,45.18985216556917,38.43644291680279,1,1
1790035644.840304,52.13250474857548,50.27107266314802,45.19113621977706,38.41043793760802,45.19113621977706,38.41043793760802,1,1
1790035644.9394026,52.32459152630554,50.40763715448799,45.19222618789682,38.38437031560464,45.19222618789682,38.38437031560464,1,1
1790035645.0385215,52.24478244981097,50.30480842047501,45.19315701906461,38.35818358596365,45.19315701906461,38.35818358596365,1,1
1790035645.1390114,52.14814676667945,50.3589184015942,45.19397202602234,38.33137811753687,45.19397202602234,38.33137811753687,1,1
1790035645.2482195,52.44423137241318,50.4266291496132,45.19469962453957,38.30350890868151,45.19469962453957,38.30350890868151,1,1
1790035645.34279,52.30939407155101,50.44441195213268,45.19528640329997,38.27795310214536,45.19528640329997,38.27795310214536,1,1
1790035645.440891,52.2834326927883,50.412040323917374,45.19586757191156,38.25014864053517,45.19586757191156,38.25014864053517,1,1
1790035645.543242,52.39160678112628,50.44021328745013,45.1963820608389,38.22438883886363,45.1963820608389,38.22438883886363,1,1
1790035645.6427968,52.44156016942152,50.478881263642016,45.19694445124842,38.19639005042284,45.19694445124842,38.19639005042284,1,1
1790035645.7417138,52.45974458490178,50.433119327476255,45.1975134533163,38.16964327937633,45.1975134533163,38.16964327937633,1,1
1790035645.8408587,52.49558348742215,50.56604494862346,45.19813776830503,38.14302532299592,45.19813776830503,38.14302532299592,1,1
1790035645.940832,52.41767502289207,50.44628400016385,45.19884292484521,38.11616933709882,45.19884292484521,38.11616933709882,1,1
1790035646.0400755,52.557360405088346,50.49817872777814,45.19962435622501,38.08966612143863,45.19962435622501,38.08966612143863,1,1
1790035646.139267,52.58513811599328,50.50268730112258,45.200494352404775,38.063301275033865,45.200494352404775,38.063301275033865,1,1
1790035646.2419393,52.60385240808855,50.5490555077636,45.201474799275175,38.03685108296994,45.201474799275175,38.03685108296994,1,1
1790035646.3413446,52.56843998407575,50.626690078041165,45.20255172293994,38.00963149835815,45.20255172293994,38.00963149835815,1,1
1790035646.440894,52.56190382122527,50.51852781086663,45.203639092923616,37.983454798233474,45.203639092923616,37.983454798233474,1,1
1790035646.541334,52.582246830319214,50.6054836227337,45.20476272879137,37.95726905493385,45.20476272879137,37.95726905493385,1,1
1790035646.6437557,52.542478591570415,50.6212324827319,45.20589311182252,37.931587200604405,45.20589311182252,37.931587200604405,1,1
1790035646.7554789,52.62128346181287,50.66597410645773,45.20719882333775,37.90272277309128,45.20719882333775,37.90272277309128,1,1
1790035646.841532,52.54965619239574,50.58406259947661,45.2082747834454,37.87952856192201,45.2082747834454,37.87952856192201,1,1
1790035646.939094,52.60902125195021,50.587735206915696,45.20947229708765,37.85447165861504,45.20947229708765,37.85447165861504,1,1
1790035647.0412688,52.72175875687452,50.63766685919179,45.21076380872526,37.82848768019543,45.21076380872526,37.82848768019543,1,1
1790035647.439199,52.79449617096475,50.70714195328637,45.21658683630709,37.73000764805823,45.21658683630709,37.73000764805823,1,1
1790035647.495488,52.8311672258488,50.67436020066933,45.217420797313295,37.71619032573518,45.217420797313295,37.71619032573518,1,1
1790035647.5432987,52.86808958849134,50.76614724455293,45.2182581640155,37.702504423861285,45.2182581640155,37.702504423861285,1,1
1790035647.642362,52.86726520454132,50.77788674714447,45.219821017553656,37.67764908600332,45.219821017553656,37.67764908600332,1,1
1790035647.7454858,52.88817639596334,50.869558531400926,45.22143396116209,37.65288229223684,45.22143396116209,37.65288229223684,1,1
1790035647.8433242,52.89304414542225,50.7692860458995,45.223085391322925,37.62838516155082,45.223085391322925,37.62838516155082,1,1
1790035647.9416866,52.8838946145322,50.73882058750245,45.224845865096725,37.60303976292218,45.224845865096725,37.60303976292218,1,1
1790035648.0425465,52.88413327734658,50.76334911060914,45.226624145427685,37.57790297208593,45.226624145427685,37.57790297208593,1,1
1790035648.143014,52.96751228115398,50.84179146015336,45.228398370352,37.5529848646488,45.228398370352,37.5529848646488,1,1
1790035648.2459986,52.99891143327206,50.80452081331576,45.23014939922934,37.52824051652296,45.23014939922934,37.52824051652296,1,1
1790035648.3444622,53.06556054041629,50.89671111991019,45.23185667795765,37.50377314099192,45.23185667795765,37.50377314099192,1,1
1790035648.4459898,53.03751888150691,50.84456484640096,45.23359312909066,37.47819822805971,45.23359312909066,37.47819822805971,1,1
1790035648.5429995,53.09676239101936,50.90330206932666,45.23523638463807,37.45294289656899,45.23523638463807,37.45294289656899,1,1
1790035648.645509,53.02212589160735,50.90814348702221,45.23678379131364,37.42806603168064,45.23678379131364,37.42806603168064,1,1
1790035648.747017,53.13257916684798,50.884024522729256,45.238291740834185,37.40274564756778,45.238291740834185,37.40274564756778,1,1
1790035648.8413775,53.152158246941134,50.872505041070745,45.23972905067222,37.37778107779599,45.23972905067222,37.37778107779599,1,1
1790035648.9443667,53.23478452562382,51.02536531752767,45.24112364975178,37.35305518560445,45.24112364975178,37.35305518560445,1,1
1790035649.0443194,53.17083409701357,50.99833968882106,45.24254712041902,37.32767538048026,45.24254712041902,37.32767538048026,1,1
1790035649.1421168,53.08699714595566,50.939177873101706,45.243980937153815,37.30208219788423,45.243980937153815,37.30208219788423,1,1
1790035649.2500858,53.21933721757458,50.96196715517379,45.24543505076722,37.27600075068701,45.24543505076722,37.27600075068701,1,1
1790035649.3412728,53.29215479302,51.13112944718026,45.246771862359424,37.251721560254055,45.246771862359424,37.251721560254055,1,1
1790035649.4457672,53.223283256930735,51.00737209662688,45.24812592810459,37.226528606638986,45.24812592810459,37.226528606638986,1,1
1790035649.543401,53.31787949887515,51.14660121502877,45.24940134605939,37.201995583800425,45.24940134605939,37.201995583800425,1,1
1790035649.646423,53.27030559362076,51.09622452816315,45.25071837581592,37.17570034967541,45.25071837581592,37.17570034967541,1,1
1790035649.753414,53.44878177504224,51.01959498761973,45.252008286510126,37.14895264837572,45.252008286510126,37.14895264837572,1,1
1790035649.8431914,53.31572579149408,51.09645088703501,45.253112231033526,37.12527400068777,45.253112231033526,37.12527400068777,1,1
1790035649.9432602,53.37834130168861,51.16434841463191,45.25425729857742,37.0998756200434,45.25425729857742,37.0998756200434,1,1
1790035650.0420053,53.44071988536112,51.05196160734814,45.255329353538,37.07515207738849,45.255329353538,37.07515207738849,1,1
1790035650.1419685,53.47897293449838,51.12903372473376,45.25638982242234,37.04973607906358,45.25638982242234,37.04973607906358,1,1
1790035650.252372,53.54405596029386,51.14552875260269,45.25749371605298,37.02236304528929,45.25749371605298,37.02236304528929,1,1
1790035650.3453474,53.47135112658783,51.219963255765535,45.258395130242135,36.99954151633653,45.258395130242135,36.99954151633653,1,1
1790035650.4438667,53.5655389068655,51.2322641524698,45.259400363454965,36.97379791759893,45.259400363454965,36.97379791759893,1,1
1790035650.5433326,53.45847781855159,51.25387628609031,45.26041771958557,36.94785829233288,45.26041771958557,36.94785829233288,1,1
1790035650.6435974,53.51568191357512,51.25599122555497,45.261447523678605,36.92221760246491,45.261447523678605,36.92221760246491,1,1
1790035650.75147,53.52271984323616,51.285105503227854,45.2625739737599,36.89525902362407,45.2625739737599,36.89525902362407,1,1
1790035650.8419068,53.575801041360165,51.21421937085294,45.26362512439604,36.87125903057717,45.26362512439604,36.87125903057717,1,1
1790035650.946725,53.67758058306787,51.308469688109135,45.26484422761007,36.844932767685805,45.26484422761007,36.844932767685805,1,1
1790035651.0482051,53.63612906136315,51.38640840776405,45.2661343929876,36.81879311563775,45.2661343929876,36.81879311563775,1,1
1790035651.1425416,53.667978063787,51.33168760872779,45.26745950028903,36.79359732738,45.26745950028903,36.79359732738,1,1
1790035651.2429166,53.72812305771522,51.31637073793173,45.26892154296096,36.76761474638063,45.26892154296096,36.76761474638063,1,1
1790035651.3458767,53.7635361953062,51.338398065124174,45.270470029505496,36.74155950266246,45.270470029505496,36.74155950266246,1,1
1790035651.4422786,53.74308781589972,51.44979097708772,45.27211625550365,36.71479877408719,45.27211625550365,36.71479877408719,1,1
1790035651.5428498,53.73635534968403,51.27832540205077,45.27375807785471,36.68862104604325,45.27375807785471,36.68862104604325,1,1
1790035651.6465695,53.8944201661245,51.54427817094428,45.27542163337777,36.66232725392734,45.27542163337777,36.66232725392734,1,1
1790035651.751683,53.81944103617606,51.33805706039264,45.27720970461712,36.63422900277544,45.27720970461712,36.63422900277544,1,1
1790035651.8445995,53.84701412012584,51.43657622746262,45.27877046320539,36.60978623849959,45.27877046320539,36.60978623849959,1,1
1790035651.9436438,53.87738183477475,51.41226081980111,45.28049885919983,36.58272761548181,45.28049885919983,36.58272761548181,1,1
1790035652.0436745,53.94043817999349,51.51136815961638,45.28220206189793,36.55605699404308,45.28220206189793,36.55605699404308,1,1
1790035652.1464796,53.86200375347567,51.537792608781686,45.28390159292161,36.5293670082287,45.28390159292161,36.5293670082287,1,1
1790035653.7594454,54.43573755875583,51.78897854529826,45.28495168685054,36.512748293063794,45.28495168685054,36.512748293063794,1,1
1790035653.7615871,54.31676336839913,51.7736488989777,45.28497376628969,36.51239775651391,45.28497376628969,36.51239775651391,1,1
1790035653.7724786,54.367068987846494,51.69608960100037,45.28523249166865,36.508278866749336,45.28523249166865,36.508278866749336,1,1
1790035653.8720262,54.36898907670255,51.78022943533011,45.28688032437518,36.48167706265191,45.28688032437518,36.48167706265191,1,1
1790035653.9712183,54.47753682609007,51.80811227879344,45.28855094568959,36.45402587507176,45.28855094568959,36.45402587507176,1,1
1790035654.0828006,54.49596081163347,51.780834170414536,45.29025087706788,36.42511573955008,45.29025087706788,36.42511573955008,1,1
1790035654.1694489,54.46322281080321,51.86690103266165,45.29167350328789,36.40039999695829,45.29167350328789,36.40039999695829,1,1
1790035654.2743964,54.41619789428177,51.87785946064662,45.29322891143829,36.37286230691061,45.29322891143829,36.37286230691061,1,1
1790035654.372953,54.544496030612216,51.86975897870797,45.29471914396117,36.34599432301237,45.29471914396117,36.34599432301237,1,1
1790035654.472227,54.42366814527079,51.902152818010855,45.29618900284003,36.31915539021095,45.29618900284003,36.31915539021095,1,1
1790035654.5770245,54.48889861530004,51.90394670185249,45.29782357834001,36.28909637765037,45.29782357834001,36.28909637765037,1,1
1790035654.6708312,54.55299297729718,51.8519227392986,45.29928134609648,36.26221169258582,45.29928134609648,36.26221169258582,1,1
1790035654.7700305,54.500667240413584,51.9783782053176,45.30078388357202,36.23444081334142,45.30078388357202,36.23444081334142,1,1
1790035654.8727243,54.58055077248868,51.843708468940974,45.3022972448131,36.20639106280603,45.3022972448131,36.20639106280603,1,1
1790035654.9738004,54.67076792372432,52.00295663905806,45.30383975234157,36.177708027521824,45.30383975234157,36.177708027521824,1,1
1790035655.0815094,54.62230097798958,51.94203043217799,45.30548105246869,36.14702830658226,45.30548105246869,36.14702830658226,1,1
1790035655.1736734,54.72243402244451,52.041198410278994,45.3069062532375,36.1201847770764,45.3069062532375,36.1201847770764,1,1
1790035655.274433,54.82453494841487,52.06207829264004,45.3084506750239,36.09090195930808,45.3084506750239,36.09090195930808,1,1
1790035655.3742502,54.74931964905123,52.04989831743483,45.30996346442493,36.06208815000177,45.30996346442493,36.06208815000177,1,1
1790035655.4704816,54.794421744643735,52.10605780346847,45.31149777581222,36.032828369891845,45.31149777581222,36.032828369891845,1,1
1790035655.5772913,54.84241719632264,52.06711644116348,45.313096451715,36.0023936943088,45.313096451715,36.0023936943088,1,1
1790035655.6748593,54.78203748887632,52.0860162463165,45.3146286473568,35.973391132593065,45.3146286473568,35.973391132593065,1,1
1790035655.772653,54.8673803502446,52.20171779568205,45.31615407906693,35.94456392370367,45.31615407906693,35.94456392370367,1,1
1790035655.8706229,54.82897388084644,52.12241833281583,45.31774510190744,35.91431543509758,45.31774510190744,35.91431543509758,1,1
1790035655.9735842,54.89292205495392,52.14908579717601,45.3192803204008,35.884769424457374,45.3192803204008,35.884769424457374,1,1
1790035656.082207,54.951514450411246,52.06747604937793,45.32094226469822,35.85224496376419,45.32094226469822,35.85224496376419,1,1
1790035656.1726046,54.88479132816535,52.15649907656314,45.32232239276082,35.82488550028736,45.32232239276082,35.82488550028736,1,1
1790035656.2703228,54.8341226084226,52.16425263480126,45.32384511263611,35.794499117568314,45.32384511263611,35.794499117568314,1,1
1790035656.37121,54.92917521431297,52.21973929745223,45.325367665327725,35.76406172423813,45.325367665327725,35.76406172423813,1,1
1790035656.474231,55.05589825052479,52.23526860693572,45.32687731761115,35.73392436592402,45.32687731761115,35.73392436592402,1,1
1790035656.5817995,54.975143757527256,52.26318353992014,45.3285208464056,35.70127838023593,45.3285208464056,35.70127838023593,1,1
1790035656.6713483,55.10114935583085,52.23264225516147,45.32996512504777,35.672632770099064,45.32996512504777,35.672632770099064,1,1
1790035656.7700186,55.02740971024095,52.32634612204648,45.33146990107407,35.64255610482926,45.33146990107407,35.64255610482926,1,1
1790035656.8747408,55.08759668501008,52.34881277507333,45.33299656125503,35.61163951117633,45.33299656125503,35.61163951117633,1,1
1790035656.9737716,55.12232751944883,52.36856223143803,45.33447854616262,35.58116068584558,45.33447854616262,35.58116068584558,1,1
1790035657.082383,55.09794671499503,52.35156388900795,45.336093412651046,35.54741614070828,45.336093412651046,35.54741614070828,1,1
1790035657.1728885,55.16140747415079,52.3069471391933,45.33739439484217,35.519960868156005,45.33739439484217,35.519960868156005,1,1
1790035657.2703094,55.11770884387726,52.418792642267256,45.338866811392485,35.48872005152287,45.338866811392485,35.48872005152287,1,1
1790035657.3754537,55.20417386338568,52.35148365780538,45.340329612124,35.4575884777301,45.340329612124,35.4575884777301,1,1
1790035657.4754145,55.24147746473049,52.47619916327266,45.34177898209432,35.42669232656851,45.34177898209432,35.42669232656851,1,1
1790035657.5806365,55.158107360978256,52.36307214156933,45.343290272545545,35.39445142661559,45.343290272545545,35.39445142661559,1,1
1790035657.674034,55.24895198590484,52.5270342211558,45.34464494622392,35.36548631421395,45.34464494622392,35.36548631421395,1,1
1790035657.7742963,55.33386464439005,52.50959354444528,45.34607633233037,35.33479702270879,45.34607633233037,35.33479702270879,1,1
1790035657.8739338,55.287212729894,52.43239580675586,45.34751533277881,35.30396373357319,45.34751533277881,35.30396373357319,1,1
1790035657.9744325,55.3913085705283,52.508579418849216,45.34894451844567,35.27341983203773,45.34894451844567,35.27341983203773,1,1
1790035658.08545,55.42363688080268,52.51538525344202,45.35052600987638,35.239707218856225,45.35052600987638,35.239707218856225,1,1
1790035658.1738906,55.43184102959308,52.54789300023671,45.35179930393952,35.21265010347275,45.35179930393952,35.21265010347275,1,1
1790035658.2727869,55.48112553602613,52.59735483026797,45.35324189159428,35.182114809711514,45.35324189159428,35.182114809711514,1,1
1790035658.3754892,55.38648222602136,52.462313287808186,45.35474105805714,35.15041995692557,45.35474105805714,35.15041995692557,1,1
1790035658.4715357,55.54116608883082,52.65058996400639,45.356168926053456,35.120035296590096,45.356168926053456,35.120035296590096,1,1
1790035658.5839477,55.46767241792121,52.5175549971712,45.357700676857135,35.08696179919601,45.357700676857135,35.08696179919601,1,1
1790035658.672625,55.54544739354581,52.67234766002503,45.35897219395352,35.05917326099982,45.35897219395352,35.05917326099982,1,1
1790035658.770791,55.65449923976873,52.66851233674162,45.36037378936389,35.028293212494944,45.36037378936389,35.028293212494944,1,1
1790035658.8700545,55.56134903730828,52.615121476327474,45.36175924741414,34.997624664119705,45.36175924741414,34.997624664119705,1,1
1790035658.974544,55.60618528892845,52.66279459789306,45.36315272869551,34.96690096314071,45.36315272869551,34.96690096314071,1,1
1790035659.073733,55.579234601272894,52.79726336498094,45.36456644204888,34.93622176363187,45.36456644204888,34.93622176363187,1,1
1790035659.173022,55.743646238221416,52.76871295560176,45.36602548492396,34.9054480149965,45.36602548492396,34.9054480149965,1,1
1790035659.2724257,55.63277330172973,52.77176615983464,45.36761907792299,34.87329088850964,45.36761907792299,34.87329088850964,1,1
1790035659.3714342,55.73512806143732,52.76817916796497,45.36922739441175,34.84249730331739,45.36922739441175,34.84249730331739,1,1
1790035659.471395,55.79019493339468,52.795020992415296,45.37094928581846,34.81128466870166,45.37094928581846,34.81128466870166,1,1
1790035659.571939,55.78942062286035,52.8123986460468,45.37275157652448,34.78033349817213,45.37275157652448,34.78033349817213,1,1
1790035659.6754289,55.79489166444107,52.70918058163928,45.37468384040639,34.74878063801213,45.37468384040639,34.74878063801213,1,1
1790035659.7744613,55.80636992628571,52.7875923358559,45.3766706772004,34.71779227067966,45.3766706772004,34.71779227067966,1,1
1790035659.8743088,55.76273392321128,52.9166738262236,45.3787583964404,34.68645174246625,45.3787583964404,34.68645174246625,1,1
1790035659.9715605,55.93707490541216,52.91727840235594,45.38099612762003,34.65375326611937,45.38099612762003,34.65375326611937,1,1
1790035660.0806563,55.89019562639925,52.93562106448226,45.3833066238648,34.62060798318548,45.3833066238648,34.62060798318548,1,1
1790035660.1707854,55.90018645464325,52.89373845704982,45.38540125538282,34.59094640202166,45.38540125538282,34.59094640202166,1,1
1790035660.275553,55.87065639561044,52.92147581970787,45.38773227170021,34.55828954104676,45.38773227170021,34.55828954104676,1,1
1790035660.374935,55.95277193233802,52.853594587527056,45.3899689908932,34.52713515114251,45.3899689908932,34.52713515114251,1,1
1790035660.4719884,55.97104325904469,52.931441000164696,45.39229379936662,34.494818814099446,45.39229379936662,34.494818814099446,1,1
1790035660.5832288,56.09081801008419,52.99927960420296,45.39476575693786,34.46046463829024,45.39476575693786,34.46046463829024,1,1
1790035660.675376,56.0241569722312,52.98286432688518,45.39690124621463,34.43074908908684,45.39690124621463,34.43074908908684,1,1
1790035660.7719405,56.04952562915436,52.97689540408216,45.39918380132725,34.39890665962198,45.39918380132725,34.39890665962198,1,1
1790035660.8709345,56.01752099571245,52.99652270002819,45.40146907881094,34.366910544889926,45.40146907881094,34.366910544889926,1,1
1790035660.9710495,56.05894027976632,52.95878660890308,45.40376986311004,34.334544290192824,45.40376986311004,34.334544290192824,1,1
1790035661.0709202,56.146349065265454,53.05805065976831,45.4060326089948,34.302544550394,45.4060326089948,34.302544550394,1,1
1790035661.1748078,56.05698251061916,53.0502294314837,45.40834784302771,34.269728034549466,45.40834784302771,34.269728034549466,1,1
1790035661.2701445,56.21953152530739,53.12572971150408,45.41061178685423,34.23757792605065,45.41061178685423,34.23757792605065,1,1
1790035661.3749712,56.24679899707638,53.09275202047749,45.412891893554445,34.205220728954295,45.412891893554445,34.205220728954295,1,1
1790035661.4753034,56.17791110133221,53.05388588482976,45.41527182931744,34.17159713112791,45.41527182931744,34.17159713112791,1,1
1790035661.5774755,56.2625019672657,53.14461588686708,45.41760268786313,34.138808621576,45.41760268786313,34.138808621576,1,1
1790035661.6716316,56.33277670816892,53.19685257116672,45.41989715155368,34.10662875996282,45.41989715155368,34.10662875996282,1,1
1790035661.7754183,56.287303847706255,53.09750217755607,45.42224809197249,34.07368042307623,45.42224809197249,34.07368042307623,1,1
1790035661.8707235,56.30138078658487,53.18697347708981,45.42456278663698,34.04132054723847,45.42456278663698,34.04132054723847,1,1
1790035661.971936,56.332104482425706,53.164633143727215,45.42693922561462,34.00828640874157,45.42693922561462,34.00828640874157,1,1
1790035662.451373,56.47267245276313,53.25082811124626,45.43944286356244,33.85160606315663,45.43944286356244,33.85160606315663,1,1
1790035662.4554443,56.42962539613167,53.29229918948383,45.4395086449924,33.85079680846712,45.4395086449924,33.85079680846712,1,1
1790035662.5545287,56.46527862237545,53.30598150642459,45.44223079712583,33.81794807753589,45.44223079712583,33.81794807753589,1,1
1790035662.6535523,56.5233730630569,53.25384411465527,45.445025947107176,33.78515252564874,45.445025947107176,33.78515252564874,1,1
1790035662.7582884,56.511389240319176,53.400726657633015,45.44805091184004,33.75036560448361,45.44805091184004,33.75036560448361,1,1
1790035662.8580356,56.50185975302914,53.24016887796233,45.450946012245645,33.717370560086785,45.450946012245645,33.717370560086785,1,1
1790035662.9568658,56.49115856478664,53.364463103887694,45.453847573318406,33.68438050129974,45.453847573318406,33.68438050129974,1,1
1790035663.056873,56.61037304054286,53.37433561225488,45.45678301579142,33.6510051352111,45.45678301579142,33.6510051352111,1,1
1790035663.156979,56.69413727867257,53.26379996634711,45.45971463565539,33.617628436307704,45.45971463565539,33.617628436307704,1,1
1790035663.255226,56.6773682042177,53.49241921512655,45.4625982105949,33.58473957350235,45.4625982105949,33.58473957350235,1,1
1790035663.35632,56.62602588112232,53.412752521613,45.46557108484799,33.55073105337556,45.46557108484799,33.55073105337556,1,1
1790035663.455444,56.66912965915289,53.40408213534471,45.46850977193504,33.51710609433878,45.46850977193504,33.51710609433878,1,1
1790035663.557926,56.71564561788628,53.53780805275738,45.471551438052565,33.482451147778235,45.471551438052565,33.482451147778235,1,1
1790035663.6607516,56.84909700227629,53.467330336849,45.47462831870827,33.44755934652494,45.47462831870827,33.44755934652494,1,1
1790035663.75572,56.875818726985656,53.50224759893326,45.47750539147252,33.41497674354803,45.47750539147252,33.41497674354803,1,1
1790035663.8541064,56.892428324814986,53.51273350051032,45.48046789750318,33.381380722548165,45.48046789750318,33.381380722548165,1,1
1790035663.9567082,56.83651059883629,53.553327143317695,45.48352302862581,33.34660636279088,45.48352302862581,33.34660636279088,1,1
1790035664.05711,57.01357371267432,53.59489414390507,45.486525042713886,33.31229167471555,45.486525042713886,33.31229167471555,1,1
1790035664.1548946,56.84329791884803,53.61760582749177,45.48943755563469,33.27891432131608,45.48943755563469,33.27891432131608,1,1
1790035664.2544444,56.88503343785988,53.56179824558889,45.49241019191157,33.24482044862413,45.49241019191157,33.24482044862413,1,1
1790035664.3591514,56.97428641928783,53.605857274953046,45.49553891478043,33.209085401843176,45.49553891478043,33.209085401843176,1,1
1790035664.45793,56.96705958529262,53.62199940132288,45.498526589029794,33.175291847636224,45.498526589029794,33.175291847636224,1,1
1790035664.5568168,56.99426092558605,53.65956416426536,45.50156221849245,33.14143157867635,45.50156221849245,33.14143157867635,1,1
1790035664.6562023,56.90500697325855,53.68874605709065,45.50467144080288,33.10734962672836,45.50467144080288,33.10734962672836,1,1
1790035664.755426,56.97713811671312,53.60037616491328,45.507845075055336,33.07325135769478,45.507845075055336,33.07325135769478,1,1
1790035664.8552904,57.04785978410252,53.69387414611942,45.51110591524255,33.03897503531548,45.51110591524255,33.03897503531548,1,1
1790035664.9593885,57.04168668496884,53.74913915083769,45.51461169754469,33.00299301926994,45.51461169754469,33.00299301926994,1,1
1790035665.0593662,57.033822323871696,53.70444383183536,45.51805446753838,32.968500786522604,45.51805446753838,32.968500786522604,1,1
1790035665.1549203,57.09516937964021,53.73890393210777,45.52144195559104,32.93527534091578,45.52144195559104,32.93527534091578,1,1
1790035665.2538016,57.1626559327306,53.70785343372366,45.52501710877727,32.900802905913174,45.52501710877727,32.900802905913174,1,1
1790035665.3585649,57.21067196626568,53.77942512244267,45.52886767247004,32.864182141860915,45.52886767247004,32.864182141860915,1,1
1790035665.4577131,57.10422577299698,53.69540616601592,45.53254958511191,32.82940444136961,45.53254958511191,32.82940444136961,1,1
1790035665.5568871,57.22257870204039,53.799352536897736,45.536240566694296,32.794473813276994,45.536240566694296,32.794473813276994,1,1
1790035665.6563654,57.24247000328063,53.82611929310141,45.5398975540362,32.75941336526378,45.5398975540362,32.75941336526378,1,1
1790035665.7579458,57.2838819340583,53.89238013036919,45.54355617115581,32.72349397825545,45.54355617115581,32.72349397825545,1,1
1790035665.8551502,57.24093626342815,53.80312532428836,45.5469721132644,32.68890129529106,45.5469721132644,32.68890129529106,1,1
1790035665.95882,57.26730173426704,53.89400851770333,45.55046116599424,32.65233602411554,45.55046116599424,32.65233602411554,1,1
1790035666.0600452,57.40909092964045,53.87541381856007,45.55378919209342,32.61613512761767,45.55378919209342,32.61613512761767,1,1
1790035666.1571348,57.24561789435717,53.82848762716323,45.55684432748088,32.58164969812519,45.55684432748088,32.58164969812519,1,1
1790035666.2579136,57.353817002893145,53.90314213252787,45.55995697100576,32.54532803066064,45.55995697100576,32.54532803066064,1,1
1790035666.3574524,57.39951063188399,53.95008556664,45.562919550458616,32.50987176560181,45.562919550458616,32.50987176560181,1,1
1790035666.4565122,57.428686262966615,54.017669004610624,45.56582570713366,32.4744694773781,45.56582570713366,32.4744694773781,1,1
1790035666.5584958,57.43553472357812,53.93963473398234,45.56875150058725,32.438316061984295,45.56875150058725,32.438316061984295,1,1
1790035666.655937,57.51722511236715,53.92273552072244,45.57154927255839,32.403365583585376,45.57154927255839,32.403365583585376,1,1
1790035666.7569656,57.53759327583021,54.02202958461606,45.57443304293368,32.36723086738809,45.57443304293368,32.36723086738809,1,1
1790035666.8550446,57.53483904175308,54.1131924659512,45.57724398599317,32.332141038662115,45.57724398599317,32.332141038662115,1,1
1790035666.9584348,57.53650848622635,54.15458422675637,45.58023337220605,32.295144428076064,45.58023337220605,32.295144428076064,1,1
1790035667.0585785,57.58095715388514,54.0049505109684,45.58319860538128,32.258932366812154,45.58319860538128,32.258932366812154,1,1
1790035667.1597223,57.6205803596439,54.03239318967229,45.58620714949299,32.22267934529415,45.58620714949299,32.22267934529415,1,1
1790035667.255429,57.60301609020487,54.1225256472853,45.58912239111254,32.187992382176866,45.58912239111254,32.187992382176866,1,1
1790035667.3578362,57.693549111381024,54.08918710725129,45.59238026990476,32.15084519748944,45.59238026990476,32.15084519748944,1,1
1790035667.4544878,57.73889195964014,54.19480199635692,45.59559963683315,32.11545369790622,45.59559963683315,32.11545369790622,1,1
1790035667.55745,57.786639312833785,54.18111429588486,45.59904519167889,32.07784277552784,45.59904519167889,32.07784277552784,1,1
1790035667.660176,57.808240120220646,54.07828006504734,45.60253227021843,32.03992118308594,45.60253227021843,32.03992118308594,1,1
1790035667.758557,57.74835006680509,54.145898437955005,45.6058649850978,32.00380136517309,45.6058649850978,32.00380136517309,1,1
1790035667.8559022,57.79412882197289,54.17742669884434,45.60916473944536,31.968161053681065,45.60916473944536,31.968161053681065,1,1
1790035667.9575467,57.80483833073852,54.31759817359144,45.612654750227485,31.93060027953916,45.612654750227485,31.93060027953916,1,1
1790035668.0563936,57.8289514281203,54.26118792336561,45.61605994008791,31.894085329134672,45.61605994008791,31.894085329134672,1,1
1790035668.156533,57.85043276467481,54.26151524843378,45.6195511125377,31.856782754635248,45.6195511125377,31.856782754635248,1,1
1790035668.255323,57.88662425721167,54.29714486019276,45.62299398965622,31.820125766018304,45.62299398965622,31.820125766018304,1,1
1790035668.3549535,57.96907258145418,54.37424208513532,45.626476052143126,31.783181986567445,45.626476052143126,31.783181986567445,1,1
1790035668.4597285,57.95203619359258,54.33937866262181,45.63017209819547,31.74410975656728,45.63017209819547,31.74410975656728,1,1
1790035668.5584404,57.90326999702207,54.32249313875695,45.63367286999323,31.70723152490117,45.63367286999323,31.70723152490117,1,1
1790035668.6549425,58.03154265503424,54.38679080107487,45.63709779182918,31.671271414007407,45.63709779182918,31.671271414007407,1,1
1790035668.7555494,58.01983237727691,54.40512379443965,45.64069256133832,31.63365137552849,45.64069256133832,31.63365137552849,1,1
1790035668.8545692,58.05812389917412,54.43785803070226,45.64426224604205,31.59641699111437,45.64426224604205,31.59641699111437,1,1
1790035668.9596157,58.073868240767,54.378133462987655,45.64806520012556,31.55687965039129,45.64806520012556,31.55687965039129,1,1
1790035669.0607653,58.1010494061811,54.26679376105409,45.65171832203567,31.51902343095435,45.65171832203567,31.51902343095435,1,1
1790035669.1574426,58.12715965334755,54.247538385519285,45.65522816427721,31.482763898229877,45.65522816427721,31.482763898229877,1,1
1790035669.261133,58.04732365361292,54.470389765421565,45.65904953838001,31.44340749739577,45.65904953838001,31.44340749739577,1,1
1790035669.361554,58.18205129924409,54.40695962387549,45.662749599941975,31.405420096422056,45.662749599941975,31.405420096422056,1,1
1790035669.4600573,58.14677649674108,54.55055787266016,45.666371749447,31.36833754664378,45.666371749447,31.36833754664378,1,1
1790035669.558239,58.18230782036906,54.611071255953966,45.67005343510797,31.33075368908428,45.67005343510797,31.33075368908428,1,1
1790035669.657372,58.23077483777813,54.53638515756317,45.67376637821111,31.29295702614644,45.67376637821111,31.29295702614644,1,1
1790035669.7604754,58.33705175844907,54.54027600862863,45.677633562969326,31.25369401438389,45.677633562969326,31.25369401438389,1,1
1790035669.8588216,58.23025899492304,54.54516100485336,45.68133549741705,31.216204657705028,45.68133549741705,31.216204657705028,1,1
1790035669.9567797,58.302668427540645,54.49926623012247,45.68503253544405,31.178849505740526,45.68503253544405,31.178849505740526,1,1
1790035670.0592809,58.31684656972215,54.54803138201333,45.68895172026827,31.139336143265076,45.68895172026827,31.139336143265076,1,1
1790035670.1572185,58.39992379277362,54.60372398753393,45.69266811545202,31.101939740537677,45.69266811545202,31.101939740537677,1,1
1790035670.261329,58.3651508110555,54.61459889261409,45.69667504967064,31.06168962601709,45.69667504967064,31.06168962601709,1,1
1790035670.3548937,58.41343982600022,54.66684865967896,45.70028112943081,31.02551890441984,45.70028112943081,31.02551890441984,1,1
1790035670.459792,58.37807638966216,54.60197871125166,45.7043241313492,30.985019872455872,45.7043241313492,30.985019872455872,1,1
1790035670.5589314,58.50765904729363,54.650500465343136,45.70814727228154,30.946767311245196,45.70814727228154,30.946767311245196,1,1
1790035670.6582768,58.40599668935796,54.71040260642468,45.711989547140334,30.908357314095426,45.711989547140334,30.908357314095426,1,1
1790035670.7572663,58.52433351640608,54.628709619197,45.71584569831355,30.869838443836677,45.71584569831355,30.869838443836677,1,1
1790035670.8569114,58.537126467374094,54.759170767590696,45.71970954293592,30.831268316988133,45.71970954293592,30.831268316988133,1,1
1790035670.9613647,58.570040650664936,54.77196427697964,45.72376607313517,30.790794013372743,45.72376607313517,30.790794013372743,1,1
1790035671.0574942,58.50473125581372,54.77345848114296,45.72752360658386,30.75331364334551,45.72752360658386,30.75331364334551,1,1
1790035671.160258,58.58506749821634,54.7504498494104,45.73156794877782,30.712978261805866,45.73156794877782,30.712978261805866,1,1
1790035671.2577505,58.66768461015858,54.86532889560046,45.73538152626169,30.67494310993333,45.73538152626169,30.67494310993333,1,1
1790035671.3564498,58.73813026011488,54.87408904685441,45.739265555770615,30.636198119359737,45.739265555770615,30.636198119359737,1,1
1790035671.4573755,58.66772709240822,54.84335123967567,45.74320948467888,30.596843091770317,45.74320948467888,30.596843091770317,1,1
1790035671.560808,58.73697300780767,54.84957204811867,45.747305748265816,30.555952028919485,45.747305748265816,30.555952028919485,1,1
1790035671.6577148,58.72898451928599,54.90137586162528,45.751128194596106,30.517775232884272,45.751128194596106,30.517775232884272,1,1
1790035671.7588649,58.74433935518505,54.84112904134409,45.75515394066764,30.477543940100965,45.75515394066764,30.477543940100965,1,1
1790035671.8603468,58.75151856951584,54.92675119751484,45.75916789082997,30.437400841843537,45.75916789082997,30.437400841843537,1,1
1790035671.9597533,58.79682059395384,54.92917134197195,45.7630891917674,30.398153320597928,45.7630891917674,30.398153320597928,1,1
1790035672.0618186,58.85525699733814,54.910981449562925,45.767130318741096,30.357670516882507,45.767130318741096,30.357670516882507,1,1
1790035672.159948,58.88368034024212,54.965551085426064,45.77102574310022,30.318610713241664,45.77102574310022,30.318610713241664,1,1
1790035672.2575092,58.80810249522494,55.03551182284309,45.77490368919161,30.279685084398448,45.77490368919161,30.279685084398448,1,1
1790035672.360665,58.87015601034025,54.89839214580878,45.77898826399037,30.23863796853568,45.77898826399037,30.23863796853568,1,1
1790035672.4589744,58.86710013598263,54.94701102061877,45.782890539333366,30.199376226807537,45.782890539333366,30.199376226807537,1,1
1790035672.557232,58.94610734722924,55.00127821655175,45.78681303142247,30.159860449637424,45.78681303142247,30.159860449637424,1,1
1790035672.6592245,58.95172131870094,55.06350600694044,45.7908662050568,30.118971970034632,45.7908662050568,30.118971970034632,1,1
1790035672.757992,59.009828369671375,55.065318518670615,45.794788069104655,30.079351245338376,45.794788069104655,30.079351245338376,1,1
1790035672.8582263,59.037958156655215,55.09757046317106,45.79879301411599,30.038828299231948,45.79879301411599,30.038828299231948,1,1
1790035672.9565222,58.93622485957584,55.06545588542088,45.80269131436264,29.99932504302592,45.80269131436264,29.99932504302592,1,1
1790035673.0602076,58.95809225049841,55.10332224143542,45.8068367854385,29.957249418579217,45.8068367854385,29.957249418579217,1,1
1790035673.1601546,59.09143263595318,55.17099402788022,45.81080116781704,29.916947152679043,45.81080116781704,29.916947152679043,1,1
1790035673.2592158,59.1753898720034,55.14590192629815,45.81476130772307,29.876624161306637,45.81476130772307,29.876624161306637,1,1
1790035673.3596544,59.11567244257873,55.17730399289918,45.81875048512264,29.835937884049304,45.81875048512264,29.835937884049304,1,1
1790035673.4561875,59.138017190632645,55.16958703127589,45.82262366111823,29.796370975879054,45.82262366111823,29.796370975879054,1,1
1790035673.5549502,59.23799040106928,55.15876249251301,45.826557679815046,29.75611405414006,45.826557679815046,29.75611405414006,1,1
1790035673.6599455,59.25476963945928,55.23858796876652,45.83074337209835,29.713203018447924,45.83074337209835,29.713203018447924,1,1
1790035673.7589855,59.19108476990508,55.27045471522842,45.83469153573422,29.67265022169215,45.83469153573422,29.67265022169215,1,1
1790035673.8581276,59.2981164079516,55.24391597053605,45.83863033127563,29.63211683848962,45.83863033127563,29.63211683848962,1,1
1790035673.9570773,59.24938836531484,55.21288593510386,45.842580272169286,29.59139164865353,45.842580272169286,29.59139164865353,1,1
1790035674.057244,59.28523696048758,55.300211953646205,45.84654413262359,29.550445597513367,45.84654413262359,29.550445597513367,1,1
1790035674.1627057,59.29025555590439,55.313104929082506,45.850738460889545,29.50703582695235,45.850738460889545,29.50703582695235,1,1
1790035674.262393,59.300446763813646,55.29817937983193,45.8547089029801,29.465862229253744,45.8547089029801,29.465862229253744,1,1
1790035674.3610132,59.392252403697306,55.4476091790918,45.85863979875087,29.42501602342524,45.85863979875087,29.42501602342524,1,1
1790035674.4602234,59.342284719945496,55.41602480077296,45.86256379604374,29.384159656199515,45.86256379604374,29.384159656199515,1,1
1790035674.5588884,59.44288911411207,55.37996024390635,45.86650454863242,29.343042934753363,45.86650454863242,29.343042934753363,1,1
1790035674.659665,59.46607981423702,55.39897892629576,45.870486002073626,29.301413369017816,45.870486002073626,29.301413369017816,1,1
1790035674.7579856,59.47663999102839,55.46636338833655,45.87440243564784,29.260377409824603,45.87440243564784,29.260377409824603,1,1
1790035674.8597107,59.48649918648289,55.46777674422938,45.87844952533707,29.217879092945008,45.87844952533707,29.217879092945008,1,1
1790035674.9587193,59.5014353070257,55.42518911643536,45.88236857116177,29.17664034871944,45.88236857116177,29.17664034871944,1,1
1790035675.0600278,59.504951675580536,55.46838535978424,45.88637980751592,29.134344995865188,45.88637980751592,29.134344995865188,1,1
1790035675.1587725,59.65507216089944,55.45875764281107,45.89030928218666,29.09283020377256,45.89030928218666,29.09283020377256,1,1
1790035675.2580457,59.59736753271527,55.423976834959625,45.89422685060193,29.05136099567856,45.89422685060193,29.05136099567856,1,1
1790035675.3570716,59.62008238140844,55.41710765811495,45.89815014073605,29.009750738260426,45.89815014073605,29.009750738260426,1,1
1790035675.4560642,59.6102301085409,55.525120617840784,45.90207535347618,28.968039931663245,45.90207535347618,28.968039931663245,1,1
1790035675.5569243,59.7466105995308,55.67159715486152,45.906053699717965,28.925681028816577,45.906053699717965,28.925681028816577,1,1
1790035675.6567268,59.67585671049782,55.620074927295,45.90999868745961,28.88359436902412,45.90999868745961,28.88359436902412,1,1
1790035675.756185,59.74181500945708,55.55786160413405,45.91392775741387,28.84159868084144,45.91392775741387,28.84159868084144,1,1
1790035675.8553133,59.77561743970615,55.58557709853299,45.91783919095565,28.799713760450103,45.91783919095565,28.799713760450103,1,1
1790035675.9574978,59.784618904394605,55.57964780847876,45.92184113335832,28.756778100760226,45.92184113335832,28.756778100760226,1,1
1790035676.0623915,59.73497079792369,55.54093257019996,45.92596601129189,28.712435839261108,45.92596601129189,28.712435839261108,1,1
1790035676.161885,59.86198861713068,55.6213989645872,45.92991655215162,28.669884762609037,45.92991655215162,28.669884762609037,1,1
1790035676.260205,59.82368363848206,55.65257746225455,45.933780106182624,28.62819332586948,45.933780106182624,28.62819332586948,1,1
1790035676.362345,59.918335140714966,55.67874589859408,45.93780281055284,28.58469969511963,45.93780281055284,28.58469969511963,1,1
1790035676.458866,59.86950536918112,55.74765098350681,45.94161154351555,28.543444702359476,45.94161154351555,28.543444702359476,1,1
1790035676.558663,60.005792068692514,55.72823653256936,45.94550412375546,28.501202067771555,45.94550412375546,28.501202067771555,1,1
1790035676.6567938,59.99963121748517,55.78249237834155,45.94939498849954,28.458896788276533,45.94939498849954,28.458896788276533,1,1
1790035676.7573724,60.03216974433722,55.76840618264308,45.95334339376862,28.41588220051329,45.95334339376862,28.41588220051329,1,1
1790035676.8555646,60.0297124369575,55.78058047467603,45.95720461397678,28.373734818667668,45.95720461397678,28.373734818667668,1,1
1790035676.960656,59.97075393505128,55.80771697760073,45.961323542426406,28.32868525783364,45.961323542426406,28.32868525783364,1,1
1790035677.0600562,59.98225730346019,55.75005494484189,45.96522509953312,28.2859284939454,45.96522509953312,28.2859284939454,1,1
