t,gps_x,gps_y,dr_x,dr_y,fused_x,fused_y,trust_weight,is_spoofed
1790035351.0892425,0.0,0.0,0.0,0.0,0.0,0.0,1.0,0
1790035351.0930889,0.0,0.0,0.0,0.0,0.0,0.0,1.0,0
1790035351.1920943,0.0,0.0,0.0,0.0,0.0,0.0,1.0,0
1790035351.291295,0.0,0.0,0.0,0.0,0.0,0.0,1.0,0
1790035351.3905492,0.0,0.0,0.0,0.0,0.0,0.0,1.0,0
1790035351.495113,0.0,0.0,0.0,0.0,0.0,0.0,1.0,0
1790035351.594328,0.0,0.0,0.0,0.0,0.0,0.0,1.0,0
1790035351.6936014,0.0,0.0,0.0,0.0,0.0,0.0,1.0,0
1790035351.792723,0.0,0.0,0.0,0.0,0.0,0.0,1.0,0
1790035351.8919504,0.0,0.0,0.0,0.0,0.0,0.0,1.0,0
1790035351.9910252,0.0,0.0,0.0,0.0,0.0,0.0,1.0,0
1790035352.0956514,0.0,0.0,0.0,0.0,0.0,0.0,1.0,0
1790035352.195015,0.0,0.0,0.0,0.0,0.0,0.0,1.0,0
1790035352.294101,0.0,0.0,0.0,0.0,0.0,0.0,1.0,0
1790035352.3940427,0.0,0.0,0.0,0.0,0.0,0.0,1.0,0
1790035352.4954855,0.0,0.0,0.0,0.0,0.0,0.0,1.0,0
1790035352.5953724,0.0,0.0,0.0,0.0,0.0,0.0,1.0,0
1790035352.6955297,0.0,0.0,0.0,0.0,0.0,0.0,1.0,0
1790035352.7962348,0.0,0.0,0.0,0.0,0.0,0.0,1.0,0
1790035352.8919568,0.0,0.0,0.0,0.0,0.0,0.0,1.0,0
1790035352.9954152,0.0,0.0,0.0,0.0,0.0,0.0,1.0,0
1790035353.0947747,0.0,0.0,0.0,0.0,0.0,0.0,1.0,0
1790035353.1938305,0.0,0.0,0.0,0.0,0.0,0.0,1.0,0
1790035353.29379,0.0,0.0,0.0,0.0,0.0,0.0,1.0,0
1790035353.392933,0.0,0.0,0.0,0.0,0.0,0.0,1.0,0
1790035353.4921217,0.0,0.0,0.0,0.0,0.0,0.0,1.0,0
1790035353.5913606,0.0,0.0,0.0,0.0,0.0,0.0,1.0,0
1790035353.6908278,0.0,0.0,0.0,0.0,0.0,0.0,1.0,0
1790035353.7905135,0.0,0.0,0.0,0.0,0.0,0.0,1.0,0
1790035353.8949535,0.0,0.0,0.0,0.0,0.0,0.0,1.0,0
1790035353.9942603,0.0,0.0,0.0,0.0,0.0,0.0,1.0,0
1790035354.0934916,0.0,0.0,0.0,0.0,0.0,0.0,1.0,0
1790035354.1927242,0.0,0.0,0.0,0.0,0.0,0.0,1.0,0
1790035354.2918808,0.0,0.0,0.0,0.0,0.0,0.0,1.0,0
1790035354.391016,0.0,0.0,0.0,0.0,0.0,0.0,1.0,0
1790035354.49109,0.0,0.0,0.0,0.0,0.0,0.0,1.0,0
1790035354.5957673,0.0,0.0,0.0,0.0,0.0,0.0,1.0,0
1790035354.6950006,0.0,0.0,0.0,0.0,0.0,0.0,1.0,0
1790035354.7941346,0.0,0.0,0.0,0.0,0.0,0.0,1.0,0
1790035354.8942351,0.0,0.0,0.0,0.0,0.0,0.0,1.0,0
1790035354.9932396,0.0,0.0,0.0,0.0,0.0,0.0,1.0,0
1790035355.0923522,0.0,0.0,0.0,0.0,0.0,0.0,1.0,0
1790035355.1915703,0.0,0.0,0.0,0.0,0.0,0.0,1.0,0
1790035355.2907443,0.0,0.0,0.0,0.0,0.0,0.0,1.0,0
1790035355.395363,0.0,0.0,0.0,0.0,0.0,0.0,1.0,0
1790035355.494603,0.0,0.0,0.0,0.0,0.0,0.0,1.0,0
1790035355.5938804,0.0,0.0,0.0,0.0,0.0,0.0,1.0,0
1790035355.6929572,0.0,0.0,0.0,0.0,0.0,0.0,1.0,0
1790035355.7922106,0.0,0.0,0.0,0.0,0.0,0.0,1.0,0
1790035355.891215,0.0,0.0,0.0,0.0,0.0,0.0,1.0,0
1790035355.9960427,0.0,0.0,0.0,0.0,0.0,0.0,1.0,0
1790035356.0954528,0.0,0.0,0.0,0.0,0.0,0.0,1.0,0
1790035356.194514,0.0,0.0,0.0,0.0,0.0,0.0,1.0,0
1790035356.294508,0.0,0.0,0.0,0.0,0.0,0.0,1.0,0
1790035356.3942878,0.0,0.0,0.0,0.0,0.0,0.0,1.0,0
1790035356.4934456,0.0,0.0,0.0,0.0,0.0,0.0,1.0,0
1790035356.592917,0.0,0.0,0.0,0.0,0.0,0.0,1.0,0
1790035356.6919165,0.0,0.0,0.0,0.0,0.0,0.0,1.0,0
1790035356.791078,0.0,0.0,0.0,0.0,0.0,0.0,1.0,0
1790035356.8956034,0.0,0.0,0.0,0.0,0.0,0.0,1.0,0
1790035356.994953,0.0,0.0,0.0,0.0,0.0,0.0,1.0,0
1790035357.0941284,0.0,0.0,0.0,0.0,0.0,0.0,1.0,0
1790035357.1933143,0.0,0.0,0.0,0.0,0.0,0.0,1.0,0
1790035357.2924695,0.0,0.0,0.0,0.0,0.0,0.0,1.0,0
1790035357.3917017,0.0,0.0,0.0,0.0,0.0,0.0,1.0,0
1790035357.4910576,0.0,0.0,0.0,0.0,0.0,0.0,1.0,0
1790035357.5954564,0.0,0.0,0.0,0.0,0.0,0.0,1.0,0
1790035357.6949415,0.0,0.0,0.0,0.0,0.0,0.0,1.0,0
1790035357.7939134,0.0,0.0,0.0,0.0,0.0,0.0,1.0,0
1790035357.892949,0.0,0.0,0.0,0.0,0.0,0.0,1.0,0
1790035357.9924395,0.0,0.0,0.0,0.0,0.0,0.0,1.0,0
1790035358.091536,0.0,0.0,0.0,0.0,0.0,0.0,1.0,0
1790035358.196124,0.0,0.0,0.0,0.0,0.0,0.0,1.0,0
1790035358.2953072,0.0,0.0,0.0,0.0,0.0,0.0,1.0,0
1790035358.394521,0.0,0.0,0.0,0.0,0.0,0.0,1.0,0
1790035358.493713,0.0,0.0,0.0,0.0,0.0,0.0,1.0,0
1790035358.5930977,0.0,0.0,0.0,0.0,0.0,0.0,1.0,0
1790035358.692705,0.0,0.0,0.0,0.0,0.0,0.0,1.0,0
1790035358.7912672,0.0,0.0,0.0,0.0,0.0,0.0,1.0,0
1790035358.8958528,0.0,0.0,0.0,0.0,0.0,0.0,1.0,0
1790035358.9953454,0.0,0.0,0.0,0.0,0.0,0.0,1.0,0
1790035359.0922172,0.0,0.0,0.0,0.0,0.0,0.0,1.0,0
1790035359.1957006,0.0,0.0,0.0,0.0,0.0,0.0,1.0,0
1790035359.2913806,0.0,0.0,0.0,0.0,0.0,0.0,1.0,0
1790035359.3911676,0.0,0.0,0.0,0.0,0.0,0.0,1.0,0
1790035359.4956982,0.0,0.0,0.0,0.0,0.0,0.0,1.0,0
1790035359.5951068,0.0,0.0,0.0,0.0,0.0,0.0,1.0,0
1790035359.6941977,0.0,0.0,0.0,0.0,0.0,0.0,1.0,0
1790035359.793344,0.0,0.0,0.0,0.0,0.0,0.0,1.0,0
1790035359.8928,0.0,0.0,0.0,0.0,0.0,0.0,1.0,0
1790035359.9917135,0.0,0.0,0.0,0.0,0.0,0.0,1.0,0
1790035360.0964715,0.0,0.0,0.0,0.0,0.0,0.0,1.0,0
1790035360.1956222,0.0,0.0,0.0,0.0,0.0,0.0,1.0,0
1790035360.296362,0.0,0.0,0.0,0.0,0.0,0.0,1.0,0
1790035360.3955758,0.0,0.0,0.0,0.0,0.0,0.0,1.0,0
1790035360.494708,0.0,0.0,0.0,0.0,0.0,0.0,1.0,0
1790035360.594041,0.0,0.0,0.0,0.0,0.0,0.0,1.0,0
1790035360.6932194,0.0,0.0,0.0,0.0,0.0,0.0,1.0,0
1790035360.7923045,0.0,0.0,0.0,0.0,0.0,0.0,1.0,0
1790035360.8919983,0.0,0.0,0.0,0.0,0.0,0.0,1.0,0
1790035360.9962564,0.0,0.0,0.0,0.0,0.0,0.0,1.0,0
1790035361.0958302,0.0,0.0,0.0,0.0,0.0,0.0,1.0,0
1790035361.1945696,0.0,0.0,0.0,0.0,0.0,0.0,1.0,0
1790035361.293693,0.0,0.0,0.0,0.0,0.0,0.0,1.0,0
1790035361.3929017,0.0,0.0,0.0,0.0,0.0,0.0,1.0,0
1790035361.4921184,0.0,0.0,0.0,0.0,0.0,0.0,1.0,0
1790035361.5918107,0.0,0.0,0.0,0.0,0.0,0.0,1.0,0
1790035361.6959136,0.0,0.0,0.0,0.0,0.0,0.0,1.0,0
1790035361.7951696,0.0,0.0,0.0,0.0,0.0,0.0,1.0,0
1790035361.8942237,0.0,0.0,0.0,0.0,0.0,0.0,1.0,0
1790035362.3665447,0.0,0.0,0.0,0.0,0.0,0.0,1.0,0
1790035362.3691003,0.0,0.0,0.0,0.0,0.0,0.0,1.0,0
1790035362.4665968,0.0,0.0,0.0,0.0,0.0,0.0,1.0,0
1790035362.5659986,0.0,0.0,0.0,0.0,0.0,0.0,1.0,0
1790035362.6651845,0.0,0.0,0.0,0.0,0.0,0.0,1.0,0
1790035362.7695336,0.0,0.0,0.0,0.0,0.0,0.0,1.0,0
1790035362.869014,0.0,0.0,0.0,0.0,0.0,0.0,1.0,0
1790035362.9679053,0.0,0.0,0.0,0.0,0.0,0.0,1.0,0
1790035363.0674365,0.0,0.0111319993391134,0.0,0.0111319993391134,0.0,0.0111319993391134,1.0,0
1790035363.1665804,0.0,0.0111319993391134,0.0,0.0111319993391134,0.0,0.0111319993391134,1.0,0
1790035363.2652805,0.0,0.0111319993391134,0.0,0.0111319993391134,0.0,0.0111319993391134,1.0,0
1790035363.365014,0.0,0.0111319993391134,0.0,0.0111319993391134,0.0,0.0111319993391134,1.0,0
1790035363.4690094,0.0,0.0111319993391134,0.0,0.0111319993391134,0.0,0.0111319993391134,1.0,0
1790035363.568962,0.0,0.0222639994692031,0.0,0.0222639994692031,0.0,0.0222639994692031,1.0,0
1790035363.667927,0.0,0.0222639994692031,0.0,0.0222639994692031,0.0,0.0222639994692031,1.0,0
1790035363.7669384,0.0,0.0222639994692031,0.0,0.0222639994692031,0.0,0.0222639994692031,1.0,0
1790035363.8662543,0.0,0.0222639994692031,0.0,0.0222639994692031,0.0,0.0222639994692031,1.0,0
1790035363.9667966,0.0,0.0222639994692031,0.0,0.0222639994692031,0.0,0.0222639994692031,1.0,0
1790035364.0647843,0.0,0.0222639994692031,0.0,0.0222639994692031,0.0,0.0222639994692031,1.0,0
1790035364.1693704,0.0,0.0222639994692031,0.0,0.0222639994692031,0.0,0.0222639994692031,1.0,0
1790035364.2686715,0.0,0.0222639994692031,0.0,0.0222639994692031,0.0,0.0222639994692031,1.0,0
1790035364.3674347,0.0,0.0222639994692031,0.0,0.0222639994692031,0.0,0.0222639994692031,1.0,0
1790035364.4670072,0.0,0.0222639994692031,0.0,0.0222639994692031,0.0,0.0222639994692031,1.0,0
1790035364.5668733,0.0,0.0222639994692031,0.0,0.0222639994692031,0.0,0.0222639994692031,1.0,0
1790035364.6659062,0.0,0.0222639994692031,0.0,0.0222639994692031,0.0,0.0222639994692031,1.0,0
1790035364.7650678,0.0,0.0222639994692031,0.0,0.0222639994692031,0.0,0.0222639994692031,1.0,0
1790035364.869877,0.0,0.0222639994692031,0.0,0.0222639994692031,0.0,0.0222639994692031,1.0,0
1790035364.9693358,0.0,0.0222639994692031,0.0,0.0222639994692031,0.0,0.0222639994692031,1.0,0
1790035365.0683415,0.0,0.0222639994692031,0.0,0.0222639994692031,0.0,0.0222639994692031,1.0,0
1790035365.1675138,0.0,0.0222639994692031,0.0,0.0222639994692031,0.0,0.0222639994692031,1.0,0
1790035365.2668593,0.0,0.0222639994692031,0.0,0.0222639994692031,0.0,0.0222639994692031,1.0,0
1790035365.3668993,0.0,0.0222639994692031,0.0,0.0222639994692031,0.0,0.0222639994692031,1.0,0
1790035365.4660654,0.0,0.0222639994692031,0.0,0.0222639994692031,0.0,0.0222639994692031,1.0,0
1790035365.5651958,0.0,0.0222639994692031,0.0,0.0222639994692031,0.0,0.0222639994692031,1.0,0
1790035365.669778,0.0,0.0222639994692031,0.0,0.0222639994692031,0.0,0.0222639994692031,1.0,0
1790035365.769533,0.0,0.0222639994692031,0.0,0.0222639994692031,0.0,0.0222639994692031,1.0,0
1790035365.8679316,0.0,0.0222639994692031,0.0,0.0222639994692031,0.0,0.0222639994692031,1.0,0
1790035365.9679227,0.0,0.0222639994692031,0.0,0.0222639994692031,0.0,0.0222639994692031,1.0,0
1790035366.067421,0.0,0.0222639994692031,0.0,0.0222639994692031,0.0,0.0222639994692031,1.0,0
1790035366.167677,0.0,0.0222639994692031,0.0,0.0222639994692031,0.0,0.0222639994692031,1.0,0
1790035366.26749,0.0,0.0222639994692031,0.0,0.0222639994692031,0.0,0.0222639994692031,1.0,0
1790035366.367154,0.0,0.0222639994692031,0.0,0.0222639994692031,0.0,0.0222639994692031,1.0,0
1790035366.4656932,0.0,0.0222639994692031,0.0,0.0222639994692031,0.0,0.0222639994692031,1.0,0
1790035366.5702825,0.0,0.0222639994692031,0.0,0.0222639994692031,0.0,0.0222639994692031,1.0,0
1790035366.6695356,0.0,0.0222639994692031,0.0,0.0222639994692031,0.0,0.0222639994692031,1.0,0
1790035366.7684543,0.0,0.0222639994692031,0.0,0.0222639994692031,0.0,0.0222639994692031,1.0,0
1790035366.8674943,0.0,0.0222639994692031,0.0,0.0222639994692031,0.0,0.0222639994692031,1.0,0
1790035366.9671545,0.0,0.0222639994692031,0.0,0.0222639994692031,0.0,0.0222639994692031,1.0,0
1790035367.0664332,0.0,0.0222639994692031,0.0,0.0222639994692031,0.0,0.0222639994692031,1.0,0
1790035367.1652205,0.0,0.0222639994692031,0.0,0.0222639994692031,0.0,0.0222639994692031,1.0,0
1790035367.2699668,0.0,0.0222639994692031,0.0,0.0222639994692031,0.0,0.0222639994692031,1.0,0
1790035367.3693056,0.0,0.0222639994692031,0.0,0.0222639994692031,0.0,0.0222639994692031,1.0,0
1790035367.4682224,0.0,0.0222639994692031,0.0,0.0222639994692031,0.0,0.0222639994692031,1.0,0
1790035367.567858,0.0,0.0222639994692031,0.0,0.0222639994692031,0.0,0.0222639994692031,1.0,0
1790035367.6666744,0.0,0.0222639994692031,0.0,0.0222639994692031,0.0,0.0222639994692031,1.0,0
1790035367.767974,0.0,0.0222639994692031,0.0,0.0222639994692031,0.0,0.0222639994692031,1.0,0
1790035367.866767,0.0,0.0111319993391134,0.0,0.0111319993391134,0.0,0.0111319993391134,1.0,0
1790035367.9678338,0.0,0.0111319993391134,0.0,0.0111319993391134,0.0,0.0111319993391134,1.0,0
1790035368.0659022,0.0,0.0111319993391134,0.0,0.0111319993391134,0.0,0.0111319993391134,1.0,0
1790035368.167336,0.0,0.0111319993391134,0.0,0.0111319993391134,0.0,0.0111319993391134,1.0,0
1790035368.2647867,0.0,0.0111319993391134,0.0,0.0111319993391134,0.0,0.0111319993391134,1.0,0
1790035368.3647654,0.0,0.0111319993391134,0.0,0.0111319993391134,0.0,0.0111319993391134,1.0,0
1790035368.4705758,0.0,0.0111319993391134,0.0,0.0111319993391134,0.0,0.0111319993391134,1.0,0
1790035368.5688453,0.0,0.0111319993391134,0.0,0.0111319993391134,0.0,0.0111319993391134,1.0,0
1790035368.6678743,0.0,0.0111319993391134,0.0,0.0111319993391134,0.0,0.0111319993391134,1.0,0
1790035368.766994,0.0,0.0111319993391134,0.0,0.0111319993391134,0.0,0.0111319993391134,1.0,0
1790035368.866222,0.0,0.0111319993391134,0.0,0.0111319993391134,0.0,0.0111319993391134,1.0,0
1790035368.965421,0.0,0.0111319993391134,0.0,0.0111319993391134,0.0,0.0111319993391134,1.0,0
1790035369.0704706,0.0,0.0111319993391134,0.0,0.0111319993391134,0.0,0.0111319993391134,1.0,0
1790035369.1695373,0.0,0.0111319993391134,0.0,0.0111319993391134,0.0,0.0111319993391134,1.0,0
1790035369.2684646,0.0,0.0111319993391134,0.0,0.0111319993391134,0.0,0.0111319993391134,1.0,0
1790035369.3680327,0.0,0.0111319993391134,0.0,0.0111319993391134,0.0,0.0111319993391134,1.0,0
1790035369.4671028,0.0,0.0111319993391134,0.0,0.0111319993391134,0.0,0.0111319993391134,1.0,0
1790035369.5660892,0.0,0.0111319993391134,0.0,0.0111319993391134,0.0,0.0111319993391134,1.0,0
1790035369.6656103,0.0,0.0111319993391134,0.0,0.0111319993391134,0.0,0.0111319993391134,1.0,0
1790035369.7700696,0.0,0.0111319993391134,0.0,0.0111319993391134,0.0,0.0111319993391134,1.0,0
1790035369.8691354,0.0,0.0111319993391134,0.0,0.0111319993391134,0.0,0.0111319993391134,1.0,0
1790035369.969491,0.0,0.0111319993391134,0.0,0.0111319993391134,0.0,0.0111319993391134,1.0,0
1790035370.066741,0.0,0.0111319993391134,0.0,0.0111319993391134,0.0,0.0111319993391134,1.0,0
1790035370.1662197,0.0,0.0111319993391134,0.0,0.0111319993391134,0.0,0.0111319993391134,1.0,0
1790035370.265028,0.0,0.0111319993391134,0.0,0.0111319993391134,0.0,0.0111319993391134,1.0,0
1790035370.369624,0.0,0.0111319993391134,0.0,0.0111319993391134,0.0,0.0111319993391134,1.0,0
1790035370.4690974,0.0,0.0111319993391134,0.0,0.0111319993391134,0.0,0.0111319993391134,1.0,0
1790035370.567911,0.0,0.0111319993391134,0.0,0.0111319993391134,0.0,0.0111319993391134,1.0,0
1790035370.6676643,0.0,0.0111319993391134,0.0,0.0111319993391134,0.0,0.0111319993391134,1.0,0
1790035370.766706,0.0,0.0111319993391134,0.0,0.0111319993391134,0.0,0.0111319993391134,1.0,0
1790035370.8662417,0.0,0.0111319993391134,0.0,0.0111319993391134,0.0,0.0111319993391134,1.0,0
1790035370.9702563,0.0,0.0111319993391134,0.0,0.0111319993391134,0.0,0.0111319993391134,1.0,0
1790035371.0696874,0.0,0.0111319993391134,0.0,0.0111319993391134,0.0,0.0111319993391134,1.0,0
1790035371.1689675,0.0,0.0111319993391134,0.0,0.0111319993391134,0.0,0.0111319993391134,1.0,0
1790035371.2680812,0.0,0.0111319993391134,0.0,0.0111319993391134,0.0,0.0111319993391134,1.0,0
1790035371.368539,0.0,0.0111319993391134,0.0,0.0111319993391134,0.0,0.0111319993391134,1.0,0
1790035371.468397,0.0,0.0111319993391134,0.0,0.0111319993391134,0.0,0.0111319993391134,1.0,0
1790035371.5677063,0.0,0.0111319993391134,0.0,0.0111319993391134,0.0,0.0111319993391134,1.0,0
1790035371.6671324,0.0,0.0111319993391134,0.0,0.0111319993391134,0.0,0.0111319993391134,1.0,0
1790035371.7664769,0.0,0.0111319993391134,0.0,0.0111319993391134,0.0,0.0111319993391134,1.0,0
1790035371.8655226,0.0,0.0111319993391134,0.0,0.0111319993391134,0.0,0.0111319993391134,1.0,0
1790035371.9701562,0.0,0.0111319993391134,0.0,0.0111319993391134,0.0,0.0111319993391134,1.0,0
1790035372.0698943,0.0,0.0111319993391134,0.0,0.0111319993391134,0.0,0.0111319993391134,1.0,0
1790035372.1693685,0.0,0.0111319993391134,0.0,0.0111319993391134,0.0,0.0111319993391134,1.0,0
1790035372.2695222,0.0,0.0111319993391134,0.0,0.0111319993391134,0.0,0.0111319993391134,1.0,0
1790035372.3688586,0.0,0.0111319993391134,0.0,0.0111319993391134,0.0,0.0111319993391134,1.0,0
1790035372.47429,0.0,0.0111319993391134,0.0,0.0111319993391134,0.0,0.0111319993391134,1.0,0
1790035372.5700336,0.0,0.0111319993391134,0.0,0.0111319993391134,0.0,0.0111319993391134,1.0,0
1790035372.6691334,0.0,0.0111319993391134,0.0,0.0111319993391134,0.0,0.0111319993391134,1.0,0
1790035372.768581,0.0,0.0111319993391134,0.0,0.0111319993391134,0.0,0.0111319993391134,1.0,0
1790035372.8675976,0.0,0.0111319993391134,0.0,0.0111319993391134,0.0,0.0111319993391134,1.0,0
1790035372.9666843,0.0,0.0111319993391134,0.0,0.0111319993391134,0.0,0.0111319993391134,1.0,0
1790035373.065915,0.0,0.0111319993391134,0.0,0.0111319993391134,0.0,0.0111319993391134,1.0,0
1790035373.166386,0.0,0.0111319993391134,0.0,0.0111319993391134,0.0,0.0111319993391134,1.0,0
1790035373.2662566,0.0,0.0111319993391134,0.0,0.0111319993391134,0.0,0.0111319993391134,1.0,0
1790035373.3671253,0.0,0.0111319993391134,0.0,0.0111319993391134,0.0,0.0111319993391134,1.0,0
1790035373.471572,0.0,0.0111319993391134,0.0,0.0111319993391134,0.0,0.0111319993391134,1.0,0
1790035373.570251,0.0,0.0111319993391134,0.0,0.0111319993391134,0.0,0.0111319993391134,1.0,0
1790035373.669984,0.0,0.0111319993391134,0.0,0.0111319993391134,0.0,0.0111319993391134,1.0,0
1790035373.76803,0.0,0.0111319993391134,0.0,0.0111319993391134,0.0,0.0111319993391134,1.0,0
1790035373.8672705,0.0,0.0111319993391134,0.0,0.0111319993391134,0.0,0.0111319993391134,1.0,0
1790035373.967802,0.0,0.0111319993391134,0.0,0.0111319993391134,0.0,0.0111319993391134,1.0,0
1790035374.0658038,0.0,0.0111319993391134,0.0,0.0111319993391134,0.0,0.0111319993391134,1.0,0
1790035374.170402,0.0,0.0111319993391134,0.0,0.0111319993391134,0.0,0.0111319993391134,1.0,0
1790035374.2693856,0.0,0.0111319993391134,0.0,0.0111319993391134,0.0,0.0111319993391134,1.0,0
1790035374.3690057,0.0,0.0111319993391134,0.0,0.0111319993391134,0.0,0.0111319993391134,1.0,0
1790035374.4723494,0.0,0.0111319993391134,0.0,0.0111319993391134,0.0,0.0111319993391134,1.0,0
1790035374.5661812,0.0,0.0111319993391134,0.0,0.0111319993391134,0.0,0.0111319993391134,1.0,0
1790035374.6709774,0.0,0.0111319993391134,0.0,0.0111319993391134,0.0,0.0111319993391134,1.0,0
1790035374.7713554,0.0,0.0111319993391134,0.0,0.0111319993391134,0.0,0.0111319993391134,1.0,0
1790035374.8703363,0.0,0.0111319993391134,0.0,0.0111319993391134,0.0,0.0111319993391134,1.0,0
1790035374.9701488,0.0,0.0222639994692031,0.0,0.0222639994692031,0.0,0.0222639994692031,1.0,0
1790035375.0687418,0.0,0.0222639994692031,0.0,0.0222639994692031,0.0,0.0222639994692031,1.0,0
1790035375.1681926,0.0,0.0222639994692031,0.0,0.0222639994692031,0.0,0.0222639994692031,1.0,0
1790035375.2664738,0.0,0.0222639994692031,0.0,0.0222639994692031,0.0,0.0222639994692031,1.0,0
1790035375.367057,0.0,0.0222639994692031,0.0,0.0222639994692031,0.0,0.0222639994692031,1.0,0
1790035375.4709363,0.0,0.0222639994692031,0.0,0.0222639994692031,0.0,0.0222639994692031,1.0,0
1790035375.5701368,0.0,0.0222639994692031,0.0,0.0222639994692031,0.0,0.0222639994692031,1.0,0
1790035375.669233,0.0,0.0222639994692031,0.0,0.0222639994692031,0.0,0.0222639994692031,1.0,0
1790035375.768448,0.0,0.0222639994692031,0.0,0.0222639994692031,0.0,0.0222639994692031,1.0,0
1790035375.8673544,0.0,0.0222639994692031,0.0,0.0222639994692031,0.0,0.0222639994692031,1.0,0
1790035375.969283,0.0,0.0222639994692031,0.0,0.0222639994692031,0.0,0.0222639994692031,1.0,0
1790035376.0662253,0.0,0.0222639994692031,0.0,0.0222639994692031,0.0,0.0222639994692031,1.0,0
1790035376.170929,0.0,0.0222639994692031,0.0,0.0222639994692031,0.0,0.0222639994692031,1.0,0
1790035376.2705617,0.0,0.0222639994692031,0.0,0.0222639994692031,0.0,0.0222639994692031,1.0,0
1790035376.3659315,0.0,0.0222639994692031,0.0,0.0222639994692031,0.0,0.0222639994692031,1.0,0
1790035376.4711466,0.0,0.0222639994692031,0.0,0.0222639994692031,0.0,0.0222639994692031,1.0,0
1790035376.5702546,0.0,0.0222639994692031,0.0,0.0222639994692031,0.0,0.0222639994692031,1.0,0
1790035376.669881,0.0,0.0222639994692031,0.0,0.0222639994692031,0.0,0.0222639994692031,1.0,0
1790035376.7692614,0.0,0.0222639994692031,0.0,0.0222639994692031,0.0,0.0222639994692031,1.0,0
1790035376.8682296,0.0,0.0222639994692031,0.0,0.0222639994692031,0.0,0.0222639994692031,1.0,0
1790035377.3637848,0.0,0.0222639994692031,0.0,0.0222639994692031,0.0,0.0222639994692031,1.0,0
1790035377.3686006,0.0,0.0222639994692031,0.0,0.0222639994692031,0.0,0.0222639994692031,1.0,0
1790035377.4693086,0.0,0.0222639994692031,0.0,0.0222639994692031,0.0,0.0222639994692031,1.0,0
1790035377.5678525,0.0,0.0222639994692031,0.0,0.0222639994692031,0.0,0.0222639994692031,1.0,0
1790035377.667055,0.0,0.0222639994692031,0.0,0.0222639994692031,0.0,0.0222639994692031,1.0,0
1790035377.7661424,0.0,0.0222639994692031,0.0,0.0222639994692031,0.0,0.0222639994692031,1.0,0
1790035377.8710957,0.0,0.0222639994692031,0.0,0.0222639994692031,0.0,0.0222639994692031,1.0,0
1790035377.9701092,0.0,0.0222639994692031,0.0,0.0222639994692031,0.0,0.0222639994692031,1.0,0
1790035378.0692675,0.0,0.0222639994692031,0.0,0.0222639994692031,0.0,0.0222639994692031,1.0,0
1790035378.1686387,0.0,0.0222639994692031,0.0,0.0222639994692031,0.0,0.0222639994692031,1.0,0
1790035378.2673554,0.0,0.0222639994692031,0.0,0.0222639994692031,0.0,0.0222639994692031,1.0,0
1790035378.3667803,0.0,0.0222639994692031,0.0,0.0222639994692031,0.0,0.0222639994692031,1.0,0
1790035378.4686532,0.0,0.0222639994692031,0.0,0.0222639994692031,0.0,0.0222639994692031,1.0,0
1790035378.5660777,0.0,0.0222639994692031,0.0,0.0222639994692031,0.0,0.0222639994692031,1.0,0
1790035378.6708262,0.0,0.0222639994692031,0.0,0.0222639994692031,0.0,0.0222639994692031,1.0,0
1790035378.7700825,0.0,0.0222639994692031,0.0,0.0222639994692031,0.0,0.0222639994692031,1.0,0
1790035378.8689132,0.0,0.0222639994692031,0.0,0.0222639994692031,0.0,0.0222639994692031,1.0,0
1790035378.9682837,0.0,0.0222639994692031,0.0,0.0222639994692031,0.0,0.0222639994692031,1.0,0
1790035379.067462,0.0,0.0222639994692031,0.0,0.0222639994692031,0.0,0.0222639994692031,1.0,0
1790035379.166588,0.0,0.0222639994692031,0.0,0.0222639994692031,0.0,0.0222639994692031,1.0,0
1790035379.2705815,0.0,0.0222639994692031,0.0,0.0222639994692031,0.0,0.0222639994692031,1.0,0
1790035379.369655,0.0,0.0222639994692031,0.0,0.0222639994692031,0.0,0.0222639994692031,1.0,0
1790035379.4687216,0.0,0.0222639994692031,0.0,0.0222639994692031,0.0,0.0222639994692031,1.0,0
1790035379.5690866,0.0,0.0222639994692031,0.0,0.0222639994692031,0.0,0.0222639994692031,1.0,0
1790035379.6682012,0.0,0.0222639994692031,0.0,0.0222639994692031,0.0,0.0222639994692031,1.0,0
1790035379.7668276,0.0,0.0222639994692031,0.0,0.0222639994692031,0.0,0.0222639994692031,1.0,0
1790035379.866369,0.0,0.0222639994692031,0.0,0.0222639994692031,0.0,0.0222639994692031,1.0,0
1790035379.9712458,0.0,0.0222639994692031,0.0,0.0222639994692031,0.0,0.0222639994692031,1.0,0
1790035380.0710504,0.0,0.0222639994692031,0.0,0.0222639994692031,0.0,0.0222639994692031,1.0,0
1790035380.170403,0.0,0.0222639994692031,0.0,0.0222639994692031,0.0,0.0222639994692031,1.0,0
1790035380.2695515,0.0,0.0222639994692031,0.0,0.0222639994692031,0.0,0.0222639994692031,1.0,0
1790035380.3684318,0.0,0.0222639994692031,0.0,0.0222639994692031,0.0,0.0222639994692031,1.0,0
1790035380.467448,0.0090781498135831,0.0222639994692031,0.0090781498135831,0.0222639994692031,0.0090781498135831,0.0222639994692031,1.0,0
1790035380.566753,0.0272344520209148,0.0445279997293823,0.0272344520209148,0.0445279997293823,0.0272344520209148,0.0445279997293823,1.0,0
1790035380.6661549,0.0544689014616641,0.0779239993286751,0.0544689014616641,0.0779239993286751,0.0544689014616641,0.0779239993286751,1.0,0
1790035380.7706804,0.0998596531097451,0.1335839999791233,0.0998596531097451,0.1335839999791233,0.0998596531097451,0.1335839999791233,1.0,0
1790035380.8696065,0.172484856778741,0.2003759999686849,0.172484856778741,0.2003759999686849,0.172484856778741,0.2003759999686849,1.0,0
1790035380.9691775,0.2632663600749031,0.2894319994274497,0.2632663600749031,0.2894319994274497,0.2632663600749031,0.2894319994274497,1.0,0
1790035381.068613,0.372204165578397,0.4007519999373699,0.372204165578397,0.4007519999373699,0.372204165578397,0.4007519999373699,1.0,0
1790035381.1674726,0.499298270709057,0.5343359999164932,0.499298270709057,0.5343359999164932,0.499298270709057,0.5343359999164932,1.0,0
1790035381.267061,0.6445486754668832,0.6790520000257061,0.6445486754668832,0.6790520000257061,0.6445486754668832,0.6790520000257061,1.0,0
1790035381.3703954,0.7988772300382926,0.8460319996041221,0.7988772300382926,0.8460319996041221,0.7988772300382926,0.8460319996041221,1.0,0
1790035381.4697533,0.9713620868170336,1.0241439993126278,0.9713620868170336,1.0241439993126278,0.9713620868170336,1.0241439993126278,1.0,0
1790035381.5689137,1.1438469435957748,1.2022559998121096,1.1438469435957748,1.2022559998121096,1.1438469435957748,1.2022559998121096,1.0,0
1790035381.669428,1.3344881025818476,1.391499999650705,1.3344881025818476,1.391499999650705,1.3344881025818476,1.391499999650705,1.0,0
1790035381.768629,1.5160511091741715,1.5696119993592106,1.5160511091741715,1.5696119993592106,1.5160511091741715,1.5696119993592106,1.0,0
1790035381.8678958,1.7066922655800791,1.7699879993278955,1.7066922655800791,1.7699879993278955,1.7066922655800791,1.7699879993278955,1.0,0
1790035381.97318,1.897333424566152,1.959231999957467,1.897333424566152,1.959231999957467,1.897333424566152,1.959231999957467,1.0,0
1790035382.0671644,2.08797458097206,2.1484759997960623,2.08797458097206,2.1484759997960623,2.08797458097206,2.1484759997960623,1.0,0
1790035382.1709273,2.287693889771715,2.3377199996346576,2.287693889771715,2.3377199996346576,2.287693889771715,2.3377199996346576,1.0,0
1790035382.2706914,2.478335046177622,2.526963999473253,2.478335046177622,2.526963999473253,2.478335046177622,2.526963999473253,1.0,0
1790035382.369557,2.678054354977278,2.727339999441938,2.678054354977278,2.727339999441938,2.678054354977278,2.727339999441938,1.0,0
1790035382.4696202,2.8686955113831853,2.916583999280533,2.8686955113831853,2.916583999280533,2.8686955113831853,2.916583999280533,1.0,0
1790035382.5692687,3.0684148201828414,3.1058279999101046,3.0684148201828414,3.1058279999101046,3.0684148201828414,3.1058279999101046,1.0,0
1790035382.66776,3.268134126402332,3.2950719997487,3.268134126402332,3.2950719997487,3.268134126402332,3.2950719997487,1.0,0
1790035382.7672503,3.4587752853884046,3.495447999717385,3.4587752853884046,3.495447999717385,3.4587752853884046,3.495447999717385,1.0,0
1790035382.8667152,3.658494591607895,3.68469199955598,3.658494591607895,3.68469199955598,3.658494591607895,3.68469199955598,1.0,0
1790035382.971069,3.858213900407551,3.885067999524665,3.858213900407551,3.885067999524665,3.858213900407551,3.885067999524665,1.0,0
1790035383.0694308,4.057933206627041,4.07431199936326,4.057933206627041,4.07431199936326,4.057933206627041,4.07431199936326,1.0,0
1790035383.1695287,4.257652515426697,4.274687999331945,4.257652515426697,4.274687999331945,4.257652515426697,4.274687999331945,1.0,0
1790035383.2685144,4.457371824226353,4.463931999961517,4.457371824226353,4.463931999961517,4.457371824226353,4.463931999961517,1.0,0
1790035383.367738,4.657091130445844,4.664307999930202,4.657091130445844,4.664307999930202,4.657091130445844,4.664307999930202,1.0,0
1790035383.467336,4.8568104392455,4.864683999898887,4.8568104392455,4.864683999898887,4.8568104392455,4.864683999898887,1.0,0
1790035383.5676467,5.05652974546499,5.065059999867572,5.05652974546499,5.065059999867572,5.05652974546499,5.065059999867572,1.0,0
1790035383.6670897,5.256249054264646,5.2654359998362565,5.256249054264646,5.2654359998362565,5.256249054264646,5.2654359998362565,1.0,0
1790035383.7688577,5.465046512877885,5.4658119998049415,5.465046512877885,5.4658119998049415,5.465046512877885,5.4658119998049415,1.0,0
1790035383.8710363,5.664765819097375,5.666187999773626,5.664765819097375,5.666187999773626,5.664765819097375,5.666187999773626,1.0,0
1790035383.9711258,5.864485127897031,5.866563999742311,5.864485127897031,5.866563999742311,5.864485127897031,5.866563999742311,1.0,0
1790035384.066742,6.07328258651027,6.066939999710996,6.07328258651027,6.066939999710996,6.07328258651027,6.066939999710996,1.0,0
1790035384.1715257,6.27300189272976,6.278447999809771,6.27300189272976,6.278447999809771,6.27300189272976,6.278447999809771,1.0,0
1790035384.2705815,6.472721201529416,6.478823999778456,6.472721201529416,6.478823999778456,6.472721201529416,6.478823999778456,1.0,0
1790035384.3706007,6.681518660142656,6.679199999747141,6.681518660142656,6.679199999747141,6.681518660142656,6.679199999747141,1.0,0
1790035384.4702432,6.8812379663621455,6.879575999715826,6.8812379663621455,6.879575999715826,6.8812379663621455,6.879575999715826,1.0,0
1790035384.5690002,7.0809572751618015,7.0910839998146,7.0809572751618015,7.0910839998146,7.0809572751618015,7.0910839998146,1.0,0
1790035384.6682453,7.289754733775041,7.291459999783285,7.289754733775041,7.291459999783285,7.289754733775041,7.291459999783285,1.0,0
1790035384.7674298,7.489474039994531,7.49183599975197,7.489474039994531,7.49183599975197,7.489474039994531,7.49183599975197,1.0,0
1790035384.866461,7.689193348794187,7.703343999850745,7.689193348794187,7.703343999850745,7.689193348794187,7.703343999850745,1.0,0
1790035384.971426,7.897990807407426,7.90371999981943,7.897990807407426,7.90371999981943,7.897990807407426,7.90371999981943,1.0,0
1790035385.070295,8.097710113626917,8.104095999788115,8.097710113626917,8.104095999788115,8.097710113626917,8.104095999788115,1.0,0
1790035385.1695642,8.297429422426573,8.31560399988689,8.297429422426573,8.31560399988689,8.297429422426573,8.31560399988689,1.0,0
1790035385.2712953,8.497148731226229,8.515979999855574,8.497148731226229,8.515979999855574,8.497148731226229,8.515979999855574,1.0,0
1790035385.370994,8.696868037445718,8.716355999824259,8.696868037445718,8.716355999824259,8.696868037445718,8.716355999824259,1.0,0
1790035385.4671686,8.887509196431791,8.905599999662854,8.887509196431791,8.905599999662854,8.887509196431791,8.905599999662854,1.0,0
1790035385.570967,9.069072203024117,9.08371199937136,9.069072203024117,9.08371199937136,9.069072203024117,9.08371199937136,1.0,0
1790035385.6703846,9.232478907409108,9.250691999740752,9.232478907409108,9.250691999740752,9.232478907409108,9.250691999740752,1.0,0
1790035385.7693446,9.386807464560682,9.406539999980057,9.386807464560682,9.406539999980057,9.386807464560682,9.406539999980057,1.0,0
1790035385.8696723,9.522979719504926,9.551255999298291,9.522979719504926,9.551255999298291,9.522979719504926,9.551255999298291,1.0,0
1790035385.9689667,9.65915197444917,9.6737079999383,9.65915197444917,9.6737079999383,9.65915197444917,9.6737079999383,1.0,0
1790035386.0679824,9.777167929766248,9.796159999787337,9.777167929766248,9.796159999787337,9.777167929766248,9.796159999787337,1.0,0
1790035386.1667323,9.895183885083323,9.918611999636369,9.895183885083323,9.918611999636369,9.895183885083323,9.918611999636369,1.0,0
1790035386.271651,10.013199837820236,10.029931999355313,10.013199837820236,10.029931999355313,10.013199837820236,10.029931999355313,1.0,0
1790035386.371081,10.122137643323727,10.152383999995322,10.122137643323727,10.152383999995322,10.122137643323727,10.152383999995322,1.0,0
1790035386.4710133,10.231075446247056,10.252571999584177,10.231075446247056,10.252571999584177,10.231075446247056,10.252571999584177,1.0,0
1790035386.5685525,10.34001325175055,10.36389199930312,10.34001325175055,10.36389199930312,10.34001325175055,10.36389199930312,1.0,0
1790035386.6684856,10.44895105467388,10.47521199981304,10.44895105467388,10.47521199981304,10.44895105467388,10.47521199981304,1.0,0
1790035386.767485,10.548810710363789,10.586531999531983,10.548810710363789,10.586531999531983,10.548810710363789,10.586531999531983,1.0,0
1790035386.866996,10.657748513287116,10.686719999911816,10.657748513287116,10.686719999911816,10.657748513287116,10.686719999911816,1.0,0
1790035386.9714448,10.766686318790612,10.79803999963076,10.766686318790612,10.79803999963076,10.766686318790612,10.79803999963076,1.0,0
1790035387.0712688,10.866545971900356,10.89822800001059,10.866545971900356,10.89822800001059,10.866545971900356,10.89822800001059,1.0,0
1790035387.1700666,10.97548377740385,10.998415999599445,10.97548377740385,10.998415999599445,10.97548377740385,10.998415999599445,1.0,0
1790035387.2687893,11.075343430513596,11.098603999979275,11.075343430513596,11.098603999979275,11.075343430513596,11.098603999979275,1.0,0
1790035387.368428,11.17520308362334,11.20992399969822,11.17520308362334,11.20992399969822,11.17520308362334,11.20992399969822,1.0,0
1790035387.4677896,11.284140889126837,11.310111999287074,11.284140889126837,11.310111999287074,11.284140889126837,11.310111999287074,1.0,0
1790035387.57118,11.38400054223658,11.410299999666904,11.38400054223658,11.410299999666904,11.38400054223658,11.410299999666904,1.0,0
1790035387.6705208,11.483860195346326,11.510488000046736,11.483860195346326,11.510488000046736,11.483860195346326,11.510488000046736,1.0,0
1790035387.7697363,11.592798000849818,11.610675999635587,11.592798000849818,11.610675999635587,11.592798000849818,11.610675999635587,1.0,0
1790035387.8693416,11.692657653959564,11.71086400001542,11.692657653959564,11.71086400001542,11.692657653959564,11.71086400001542,1.0,0
1790035387.969169,11.792517307069309,11.811051999604274,11.792517307069309,11.811051999604274,11.792517307069309,11.811051999604274,1.0,0
1790035388.0678325,11.89237696275922,11.911239999984105,11.89237696275922,11.911239999984105,11.89237696275922,11.911239999984105,1.0,0
1790035388.1670818,11.992236615868965,12.01142799957296,11.992236615868965,12.01142799957296,11.992236615868965,12.01142799957296,1.0,0
1790035388.2723956,12.092096268978713,12.11161599995279,12.092096268978713,12.11161599995279,12.092096268978713,12.11161599995279,1.0,0
1790035388.37232,12.19195592466862,12.211803999541644,12.19195592466862,12.211803999541644,12.19195592466862,12.211803999541644,1.0,0
1790035388.471009,12.291815577778369,12.311991999921474,12.291815577778369,12.311991999921474,12.291815577778369,12.311991999921474,1.0,0
1790035388.5701294,12.391675230888112,12.412179999510329,12.391675230888112,12.412179999510329,12.391675230888112,12.412179999510329,1.0,0
1790035388.6693895,12.491534883997856,12.51236799989016,12.491534883997856,12.51236799989016,12.491534883997856,12.51236799989016,1.0,0
1790035388.768643,12.591394539687768,12.601423999348924,12.591394539687768,12.601423999348924,12.591394539687768,12.601423999348924,1.0,0
1790035388.8686974,12.68217604298393,12.701611999728756,12.68217604298393,12.701611999728756,12.68217604298393,12.701611999728756,1.0,0
1790035388.9677482,12.782035696093676,12.801799999317607,12.782035696093676,12.801799999317607,12.782035696093676,12.801799999317607,1.0,0
1790035389.070022,12.88189534920342,12.90198799969744,12.88189534920342,12.90198799969744,12.88189534920342,12.90198799969744,1.0,0
1790035389.1694126,12.98175500489333,13.002175999286294,12.98175500489333,13.002175999286294,12.98175500489333,13.002175999286294,1.0,0
1790035389.2724173,13.081614658003076,13.091231999536037,13.081614658003076,13.091231999536037,13.081614658003076,13.091231999536037,1.0,0
1790035389.3685064,13.172396161299238,13.191419999915864,13.172396161299238,13.191419999915864,13.172396161299238,13.191419999915864,1.0,0
1790035389.4676285,13.272255814408982,13.29160799950472,13.272255814408982,13.29160799950472,13.272255814408982,13.29160799950472,1.0,0
1790035389.57124,13.372115470098894,13.39179599988455,13.372115470098894,13.39179599988455,13.372115470098894,13.39179599988455,1.0,0
1790035389.6705987,13.471975123208638,13.491983999473405,13.471975123208638,13.491983999473405,13.471975123208638,13.491983999473405,1.0,0
1790035389.7697911,13.571834776318385,13.592171999853235,13.571834776318385,13.592171999853235,13.571834776318385,13.592171999853235,1.0,0
1790035389.8698645,13.662616279614546,13.681227999312,13.662616279614546,13.681227999312,13.662616279614546,13.681227999312,1.0,0
1790035389.969154,13.762475935304456,13.78141599969183,13.762475935304456,13.78141599969183,13.762475935304456,13.78141599969183,1.0,0
1790035390.06847,13.862335588414204,13.881603999280683,13.862335588414204,13.881603999280683,13.862335588414204,13.881603999280683,1.0,0
1790035390.1674025,13.962195241523949,13.981791999660516,13.962195241523949,13.981791999660516,13.962195241523949,13.981791999660516,1.0,0
1790035390.2720115,14.052976744820109,14.081980000040346,14.052976744820109,14.081980000040346,14.052976744820109,14.081980000040346,1.0,0
1790035390.371374,14.15283640051002,14.17103599949911,14.15283640051002,14.17103599949911,14.15283640051002,14.17103599949911,1.0,0
1790035390.4702785,14.2345397539926,14.260091999748852,14.2345397539926,14.260091999748852,14.2345397539926,14.260091999748852,1.0,0
1790035390.5698018,14.316243104895014,14.338015999868505,14.316243104895014,14.338015999868505,14.316243104895014,14.338015999868505,1.0,0
1790035390.6688993,14.370712008936842,14.393675999727977,14.370712008936842,14.393675999727977,14.370712008936842,14.393675999727977,1.0,0
1790035390.7678442,14.425180910398506,14.449335999587449,14.425180910398506,14.449335999587449,14.425180910398506,14.449335999587449,1.0,0
1790035390.8671894,14.461493512233004,14.482731999977716,14.461493512233004,14.482731999977716,14.461493512233004,14.482731999977716,1.0,0
1790035390.9718494,14.47964981186017,14.50499599944692,14.47964981186017,14.50499599944692,14.47964981186017,14.50499599944692,1.0,0
1790035391.0708623,14.497806114067505,14.527259999707098,14.497806114067505,14.527259999707098,14.497806114067505,14.527259999707098,1.0,0
1790035391.170194,14.515962413694668,14.538391999837188,14.515962413694668,14.538391999837188,14.515962413694668,14.538391999837188,1.0,0
1790035391.269444,14.525040563508252,14.538391999837188,14.525040563508252,14.538391999837188,14.525040563508252,14.538391999837188,1.0,0
1790035391.3693583,14.525040563508252,14.549523999967278,14.525040563508252,14.549523999967278,14.525040563508252,14.549523999967278,1.0,0
1790035391.4679034,14.534118713321837,14.549523999967278,14.534118713321837,14.549523999967278,14.534118713321837,14.549523999967278,1.0,0
1790035391.5686026,14.534118713321837,14.560655999306393,14.534118713321837,14.560655999306393,14.534118713321837,14.560655999306393,1.0,0
1790035391.671425,14.534118713321837,14.560655999306393,14.534118713321837,14.560655999306393,14.534118713321837,14.560655999306393,1.0,0
1790035391.7715912,14.543196865715585,14.560655999306393,14.543196865715585,14.560655999306393,14.543196865715585,14.560655999306393,1.0,0
1790035391.8715997,14.543196865715585,14.560655999306393,14.543196865715585,14.560655999306393,14.543196865715585,14.560655999306393,1.0,0
1790035391.9771245,14.650986441945252,14.573463607997544,14.650986441945252,14.573463607997544,14.650986441945252,14.573463607997544,1.0,1
1790035392.3811214,15.070395055244994,14.961690802476936,14.95273746016946,14.855392323920778,15.070395055244994,14.961690802476936,1.0,1
1790035392.3896043,14.95273746016946,14.855392323920778,14.95273746016946,14.855392323920778,14.95273746016946,14.855392323920778,1.0,1
1790035392.4831123,15.148597968044069,14.96904995567843,15.148597968044069,14.96904995567843,15.148597968044069,14.96904995567843,1.0,1
1790035392.5822322,15.23879901409706,15.01043329687367,15.23879901409706,15.01043329687367,15.23879901409706,15.01043329687367,0.9924699219876074,1
1790035392.687674,15.387256418496127,15.164549814276048,15.238785695216723,15.010337812409231,15.37166041975928,15.148350727121368,0.8949557300431692,1
1790035392.7870698,15.4442923347183,15.25043555128545,15.23869749562006,15.00989105182844,15.392550272876752,15.189897706944903,0.7483299577533418,1
1790035392.8853023,15.570005248169725,15.218721489837272,15.238484467383755,15.00905615803961,15.44223615961252,15.137915851402418,0.6145970450048697,1
1790035392.984852,15.662922997735224,15.282261265963882,15.23809883279867,15.007784363859376,15.426856433393187,15.129739765025409,0.44431935886393337,1
1790035393.0835562,15.785432371611128,15.39564631533615,15.237512358343157,15.006064504675187,15.350396928380322,15.086327634558808,0.20602381242452739,1
1790035393.1833866,15.830398259068758,15.432808564195565,15.236693879039759,15.003848970745773,15.325749536044109,15.068192909763242,0.15,1
1790035393.288739,16.004328006480524,15.542773753619132,15.23557322437127,15.000987276936106,15.35088644168766,15.08225524843856,0.15,1
1790035393.3822403,16.01369471460639,15.597249741386904,15.234316960160593,14.99790593151487,15.351223623327462,15.087807502995675,0.15,1
1790035393.486291,16.16400651470552,15.70474581392649,15.232748889363032,14.99416699352781,15.372437533164405,15.100753816587611,0.15,1
1790035393.5855162,16.255564397779874,15.776310601693778,15.23093405908926,14.989920964401293,15.384628609892852,15.107879409995164,0.15,1
1790035393.6856709,16.44046039928433,15.80338440934172,15.228744947151075,14.984854320288365,15.410502264971063,15.107633833646368,0.15,1
1790035393.7847085,16.396040002418697,15.840051316545711,15.226429500916908,14.9795098561114,15.401871076142175,15.108591075176546,0.15,1
1790035393.8838537,16.549909076383276,16.005429370313575,15.223896981658305,14.973636581987526,15.42279879586705,15.128405500236433,0.15,1
1790035393.982932,16.610805077595646,15.986299786249186,15.221171891842662,14.96724924584234,15.429616869705608,15.120106826903365,0.15,1
1790035394.0865915,16.67717375254705,16.132185150666984,15.218256994699187,14.960311443769573,15.437094508376365,15.136092499804185,0.15,1
1790035394.1859462,16.853224491838915,16.19519827265948,15.215206845610211,14.952911639029846,15.460909492544516,15.139254634074291,0.15,1
1790035394.2852614,16.880411363889003,16.248006432511254,15.21202109022873,14.945014772947106,15.46227963127777,15.140463521881728,0.15,1
1790035394.385288,17.017845539743977,16.31618028228777,15.208539292475798,14.936169416928731,15.479935229566024,15.143171046732586,0.15,1
1790035394.4846416,17.153245486325083,16.384809857350852,15.205154585879239,14.927329429548688,15.497368220946115,15.145951493719013,0.15,1
1790035394.5835776,17.240872157121142,16.445105919060005,15.201732335523431,14.918126039780015,15.507603308763088,15.147173021672014,0.15,1
1790035394.6858096,17.321874690773335,16.54365680216736,15.198129801038156,14.908127842312444,15.516691534498433,15.153457186290682,0.15,1
1790035394.785298,17.332356376471132,16.564585938987033,15.19460239526131,14.898005167250123,15.515265492442783,15.147992283010659,0.15,1
1790035394.8829403,17.4685979378103,16.61583191403707,15.191061580450073,14.887494632311798,15.532692034054106,15.146745224570589,0.15,1
1790035394.986459,17.58011654766177,16.7826419531538,15.187337403807195,14.876046125636119,15.54625427538538,15.162035499763771,0.15,1
1790035395.084153,17.646613513710758,16.82355072199903,15.183783970856277,14.864749279904919,15.553208402284449,15.158569496219036,0.15,1
1790035395.182385,17.702321943595372,16.826004846611486,15.180162824659005,14.852847224463497,15.55848669249946,15.148820867785695,0.15,1
1790035395.2834408,17.89393922310964,16.94161612709767,15.17647257862522,14.840296093625696,15.584092575297882,15.155494098646491,0.15,1
1790035395.3890462,18.016092966068918,17.024659670194797,15.172657463471978,14.826813984043971,15.59917278886152,15.156490836966594,0.15,1
1790035395.4862924,18.058686662255774,17.02880845279669,15.169275341958585,14.814372337608852,15.602687040003163,15.146537754887026,0.15,1
1790035395.585519,18.21655982787096,17.11065775163014,15.1657454937068,14.800843556859922,15.623367643831424,15.147315686075455,0.15,1
1790035395.6857417,18.20839376264667,17.13254098472902,15.162066715370852,14.786100572922127,15.619015772462223,15.13806663469316,0.15,1
1790035395.785329,18.324098171069664,17.282608593698267,15.158647053542364,14.771740346721185,15.633464721171459,15.148370583767747,0.15,1
1790035395.884982,18.4660710782678,17.360865163187416,15.155283499797177,14.756923938826422,15.65190163656777,15.14751512248057,0.15,1
1790035395.9848602,18.53576555210366,17.403013130875117,15.151983419716164,14.741652163525915,15.659550739574287,15.140856308628294,0.15,1
1790035396.0834787,18.68534796643408,17.43636512163433,15.148804040144245,14.726207312225153,15.67928562908772,15.13273098363653,0.15,1
1790035396.1868224,18.7784922771324,17.489866782313435,15.14568222566866,14.710310037739944,15.69060373338822,15.127243549425968,0.15,1
1790035396.286228,18.835214711826,17.57229618626222,15.142629600750464,14.69402343166893,15.696517367411795,15.125764344857922,0.15,1
1790035396.386309,18.89195325628009,17.68461660624475,15.139503313129607,14.676504708001346,15.702370804602179,15.127721492737855,0.15,1
1790035396.48536,19.02564051522612,17.729068670755048,15.136613672526888,14.659505793278882,15.719967698931772,15.119940224900306,0.15,1
1790035396.585072,19.171163242687047,17.819401559789224,15.13379144302726,14.642080803616627,15.739397212976227,15.118678917042518,0.15,1
1790035396.6846344,19.2782632638122,17.860678707167498,15.131032393540364,14.624229152338083,15.753117024081138,15.109696585562494,0.15,1
1790035396.7839656,19.32146986094179,17.929985872764174,15.128346882585637,14.60614181563308,15.757315329339061,15.104718424202744,0.15,1
1790035396.882913,19.3555317357274,17.929720922235454,15.125688712528337,14.587643788099925,15.760165166008196,15.088955358220254,0.15,1
1790035396.9873867,19.47645918343118,18.02412251239615,15.122907825922706,14.567778579488088,15.775940529548977,15.086230169424297,0.15,1
1790035397.0864167,19.65992764526917,18.09687244268636,15.12026358528001,14.548508804803257,15.801213194278386,15.080763350485723,0.15,1
1790035397.1857126,19.718636888942065,18.27545232523305,15.117610717674749,14.528867701790848,15.807764643364846,15.090855395307178,0.15,1
1790035397.2867577,19.8190574095116,18.316915216616973,15.114901881313036,14.508568633615445,15.820525210542822,15.079820621065673,0.15,1
1790035397.3871295,19.88885347923077,18.338852665415963,15.112182550285135,14.488049966642848,15.82868318962698,15.065670371458815,0.15,1
1790035397.4867458,19.98595432475677,18.400737956866408,15.109419918074897,14.467165603826713,15.840900079077178,15.057201456782668,0.15,1
1790035397.5861444,20.17317792679778,18.39973883215269,15.106625550028609,14.446062096588712,15.866608406543985,15.039113606923307,0.15,1
1790035397.685694,20.250739145214897,18.56651075235128,15.103763805810521,14.42449562983499,15.875810106721177,15.045797898212433,0.15,1
1790035397.7858777,20.29778930936963,18.55127670852005,15.100964175945114,14.403475613804757,15.88048794595879,15.02564577801205,0.15,1
1790035397.8858302,20.42935479621566,18.665901416302376,15.097975473038614,14.38114775258961,15.89768237151517,15.023860802146526,0.15,1
1790035397.985803,20.53565356578197,18.762279058178287,15.0949139921406,14.358360026236303,15.911024928186807,15.0189478810276,0.15,1
1790035398.0854988,20.70210804071876,18.80670654745405,15.091649937294088,14.33412426961585,15.933218652807788,15.00501161129158,0.15,1
1790035398.1849787,20.668631231140623,18.89610931184973,15.088495417176349,14.310757925583516,15.925515789270989,14.998560633523448,0.15,1
1790035398.2845154,20.8286487275739,19.023615166303426,15.085264625165612,14.286890468213278,15.946772240526855,14.9973991729268,0.15,1
1790035398.3839495,20.957146467924336,19.04193903427842,15.081968592959436,14.262580733568068,15.963245274204171,14.979484478674621,0.15,1
1790035398.4879844,21.090820532058427,19.03626368970048,15.07848844217338,14.236930222014514,15.980338255656136,14.95683024216741,0.15,1
1790035398.5874825,21.083472631936232,19.1178567183372,15.075096623444756,14.211991338380331,15.976353024718476,14.94787114537386,0.15,1
1790035398.6865356,21.19333722134416,19.163528667556665,15.071641582475499,14.186726318968304,15.989895928305797,14.933246671256558,0.15,1
1790035398.785432,21.341798786410106,19.289321484898217,15.068131623651986,14.161217736796587,16.009181698065703,14.930433299011831,0.15,1
1790035398.884869,21.334245748932904,19.318095328690735,15.064533762181226,14.13516148753635,16.004990560193978,14.912601563709506,0.15,1
1790035398.9838126,21.520721452770097,19.478882583966858,15.060907777909652,14.108923721794897,16.029879829138718,14.91441755112069,0.15,1
1790035399.0828233,21.693129941789028,19.650817628326323,15.057223033201227,14.082228213807117,16.052609069489396,14.917516625984998,0.15,1
1790035399.185365,21.71481054604194,19.52622619220788,15.05338326318469,14.054376448976106,16.052597355613276,14.87515391046087,0.15,1
1790035399.2873647,21.687751734326376,19.659294261721683,15.049514220791119,14.026291585785001,16.045249847821406,14.871241987175503,0.15,1
1790035399.3871765,21.85182023411786,19.6938404562061,15.045652931926872,13.998197329501744,16.06657802725552,14.852543798507398,0.15,1
1790035399.486175,21.95917628312556,19.77570865516981,15.041823646745831,13.97016027426724,16.07942654220279,14.840992531402625,0.15,1
1790035399.5851572,22.1403777978848,19.85872918513255,15.038001169085453,13.941884077060099,16.103357663405355,14.829410843270967,0.15,1
1790035399.684517,22.176815936027488,19.86748256321969,15.03418161672852,13.913249665104379,16.105576764623365,14.806384599821676,0.15,1
1790035399.783627,22.198437045918304,19.96316653520113,15.030380183170685,13.884346222205457,16.10558871258283,14.796169269154806,0.15,1
1790035399.887344,22.38143390953425,20.13613387585201,15.026581389322441,13.855076297836941,16.12980926735421,14.797234934539201,0.15,1
1790035399.987007,22.48860376223067,20.16547158697708,15.022795403146999,13.825545698124934,16.14266665700955,14.776534581452756,0.15,1
1790035400.0860229,22.554456198798665,20.12523928279266,15.019025170639727,13.795817760001896,16.149339824863567,14.74523098842051,0.15,1
1790035400.1868474,22.630273947850863,20.217621901816948,15.015033259146307,13.764003436342458,16.15731936245199,14.73204620616363,0.15,1
1790035400.2859766,22.88239553676072,20.281043678999108,15.0113010080009,13.73395180305644,16.191965187314874,14.71601558444784,0.15,1
1790035400.385873,22.916092949100527,20.345724540711405,15.0075108393805,13.703185629582704,16.193798155838504,14.699566466252008,0.15,1
1790035400.48674,23.01989766310208,20.479544391924456,15.003690219046302,13.671970587886037,16.206121335654668,14.6931066584918,0.15,1
1790035400.5873103,23.06434586132682,20.527480354905038,14.999832626869019,13.640233852579993,16.20950961203769,14.673320827928748,0.15,1
1790035400.6866052,23.137043516704168,20.62016594976916,14.996046194209388,13.60882712687761,16.217195792583603,14.660527950311343,0.15,1
1790035400.7849672,23.24372181703681,20.604283780684444,14.992286168466201,13.577376750384357,16.23000151575179,14.631412804929369,0.15,1
1790035400.8841298,23.300049187093517,20.74244624689037,14.98849022251673,13.545414132442119,16.235224067203248,14.624968949609356,0.15,1
1790035400.9833567,23.5404389809312,20.810113521228786,14.98467798265545,13.513164907192223,16.26804213239681,14.607707199297707,0.15,1
1790035401.0879393,23.558355311533635,20.88838854985124,14.980616565569175,13.478725058653941,16.267277377463845,14.590174582333535,0.15,1
1790035401.1871953,23.727154259301784,20.953383477872386,14.976731403033225,13.445783690021772,16.28929483147351,14.571923658199363,0.15,1
1790035401.2868688,23.73928512165293,21.06633324002762,14.972772575826534,13.412289327498884,16.287749457700492,14.560395914378194,0.15,1
1790035401.3855429,23.878264173611115,21.155723142211176,14.968812287564297,13.378842310543552,16.305230070471318,14.545374435293695,0.15,1
1790035401.484658,23.963416510410102,21.0859320169514,14.964806117707251,13.34495428509497,16.314597676612678,14.506100944873433,0.15,1
1790035401.5836194,23.98312410242225,21.29781614558511,14.960785907669246,13.310790873547308,16.314136636882196,14.508844664352978,0.15,1
1790035401.683771,24.2361625537678,21.27522726360703,14.956692501200653,13.275822023343034,16.348613009085724,14.475732809382631,0.15,1
1790035401.7874355,24.232720420473203,21.428626950295477,14.952606305840767,13.24072364248572,16.34462342303563,14.468909138657185,0.15,1
1790035401.8869307,24.294329511168744,21.37930008850801,14.948514560009317,13.205362312220712,16.35038680268323,14.431452978663806,0.15,1
1790035401.986759,24.47997754645411,21.473017136929315,14.94438893216326,13.169482038512337,16.374727224306888,14.415012303274883,0.15,1
1790035402.085909,24.545017766991474,21.552819332896185,14.940246993093389,13.133314342566322,16.380962609178102,14.396240091115802,0.15,1
1790035402.1857886,24.660332621252596,21.70011197043609,14.935844099018716,13.09485967344689,16.394517377353797,14.38564751799527,0.15,1
1790035402.285452,24.74595037260088,21.73053221238869,14.93159686221871,13.057892187231918,16.403749888776034,14.358788191005434,0.15,1
1790035402.3843584,24.73613589294542,21.76397588971147,14.927307516959102,13.020776219848326,16.39863177335705,14.332256170327799,0.15,1
1790035402.483685,24.89411929979845,21.77383684077417,14.922960431942887,12.983363594976474,16.41863426212122,14.301934581846128,0.15,1
1790035402.5872543,24.994179969256123,21.88935719255861,14.91853596183229,12.945416904140398,16.429882562945863,14.28700794740313,0.15,1
1790035402.687176,25.18210399579077,21.908519010124785,14.913837901519031,12.90519087619355,16.45407781565979,14.255690096283235,0.15,1
1790035402.7863514,25.23532817356744,22.018891817959418,14.909338653985042,12.86666430006762,16.4582370819224,14.23949842775139,0.15,1
1790035402.8858,25.315169018149703,22.16168772076296,14.904790831556776,12.827692432460479,16.466347559545714,14.227791725705849,0.15,1
1790035402.9848652,25.4558379000715,22.24660556357514,14.900212341046203,12.788460128883312,16.483556174899995,14.207181944087086,0.15,1
1790035403.084113,25.51876558599133,22.213249893998835,14.895582581201444,12.748821352179009,16.489060031919927,14.168485633451983,0.15,1
1790035403.1833837,25.61287940388646,22.328499148374167,14.89091591577068,12.70883023584138,16.499210438988047,14.151780572721297,0.15,1
1790035403.288116,25.735851001265317,22.334241263283765,14.88596347425129,12.666239643260331,16.513446603303393,14.116439886263846,0.15,1
1790035403.3886316,25.83035189744231,22.46905614174356,14.881214482584253,12.625152844598878,16.52358509481296,14.101738339170579,0.15,1
1790035403.4830103,26.04447372591485,22.616447040637333,14.876715700462617,12.585984860837057,16.551879404280452,14.090554187807097,0.15,1
1790035403.588217,25.979354224069088,22.580648562134776,14.871705901477128,12.542145336264605,16.53785314986592,14.04792082014513,0.15,1
1790035403.687186,26.04612906490166,22.6336019111993,14.86697220489517,12.500558854024517,16.54384573389614,14.020515312600732,0.15,1
1790035403.7844896,26.230729175030376,22.79040322540688,14.862308519019324,12.459443000387845,16.56757161742098,14.009087034140698,0.15,1
1790035403.8844967,26.27679991537224,22.76623725212663,14.857511889861183,12.417033725583943,16.570405093687842,13.969414254565347,0.15,1
1790035403.9840927,26.303790799334735,22.85936239682441,14.852666967725083,12.374102256977384,16.57033554246653,13.946891277954437,0.15,1
1790035404.085807,26.45801797376162,22.91103288234128,14.847694786535618,12.329961412307213,16.58924326461952,13.917122132812324,0.15,1
1790035404.1845353,26.56434372395014,23.00074551513209,14.842847302191487,12.286913049580205,16.601071765455284,13.893987919412988,0.15,1
1790035404.283863,26.61793783041321,23.000472885070213,14.837929492836833,12.243323583816057,16.60493074347329,13.85689597900418,0.15,1
1790035404.3875945,26.914252745542164,23.080851478117992,14.832944910986114,12.199330042447132,16.645141086169524,13.83155825779776,0.15,1
1790035404.4869328,26.850598910036847,23.30544200856033,14.827916266658148,12.155147939680088,16.631318663164954,13.827692050012125,0.15,1
1790035404.5860865,27.148157950809896,23.223264711077668,14.822813771219005,12.110428377336673,16.671615398157638,13.777353827397823,0.15,1
1790035404.6859467,27.082652960368694,23.36765376328811,14.817645410869698,12.065168988306565,16.657396543294546,13.760541704553797,0.15,1
1790035404.7859948,27.285845782977063,23.370095387051204,14.81217969595399,12.017272752053156,16.68322960900745,13.720196147302863,0.15,1
1790035404.8851557,27.28462044268636,23.52655675319642,14.806969774424118,11.97150197554364,16.678617374663453,13.704760192191557,0.15,1
1790035404.9839158,27.41570211162221,23.536857849572623,14.801765996672406,11.925606450277831,16.693856413914876,13.667294160172048,0.15,1
1790035405.083385,27.485049123034496,23.55538467942078,14.796505590028412,11.879007673439451,16.699787119979323,13.63046422433665,0.15,1
1790035405.1881309,27.58279493126665,23.68290580721113,14.790931568546053,11.829359309562093,16.709711072954143,13.607391284209449,0.15,1
1790035405.2880943,27.70457440724106,23.73726281995733,14.785581849223696,11.781408984987044,16.7234307329263,13.574787060232586,0.15,1
1790035405.3877463,27.81449905735,23.884254654371578,14.780246619902732,11.733308644320841,16.735384485519823,13.555950545828452,0.15,1
1790035405.486604,27.895868924285,23.91924958016905,14.774895953675529,11.684854185760488,16.74304189926695,13.520013494921773,0.15,1
1790035405.5856695,27.988134914995253,23.96985197221048,14.769529889847812,11.636072835921311,16.752320643619928,13.486139706364686,0.15,1
1790035405.6851206,28.047157897843373,24.054123810628084,14.76409243917085,11.586422499375779,16.75655225797173,13.456577696063624,0.15,1
1790035405.783874,28.17544438039942,24.21092869688877,14.758681066977374,11.536765947319795,16.77119556399068,13.43789035975514,0.15,1
1790035405.883327,28.356736982238253,24.194015266870856,14.753217060612878,11.48640677035382,16.793745048856685,13.392548044831376,0.15,1
1790035405.987266,28.34208664526413,24.19064275792256,14.747752251485267,11.435892287067983,16.786902410552095,13.349104857696169,0.15,1
1790035406.086377,28.53722087176125,24.327617964877508,14.742221243523481,11.38471402513184,16.811471187759146,13.32614961609369,0.15,1
1790035406.1865833,28.600172002714825,24.29622242292205,14.736323570334429,11.33021292851698,16.815900835191485,13.27511435267774,0.15,1
1790035406.2854583,28.71972919167541,24.474227614862023,14.730702532422342,11.278440286528499,16.8290565313103,13.257808385778528,0.15,1
1790035406.3847773,28.71546454913195,24.49629079031706,14.725020508589058,11.22632729441433,16.82358711467049,13.21682181879974,0.15,1
1790035406.48413,28.881833804266115,24.59087394166203,14.719255400358907,11.173638420934974,16.843642160944988,13.186223749044032,0.15,1
1790035406.5877342,28.955880610155702,24.65438618206483,14.713449718275276,11.120689230242771,16.84981435205734,13.15074377301608,0.15,1
1790035406.6880877,29.05653600988359,24.736261190370804,14.707568293124167,11.067044251769108,16.859913450638082,13.117426792559362,0.15,1
1790035406.785864,29.238821975718707,24.66759883852752,14.701483170935248,11.011298368657044,16.882083991652767,13.059743439137616,0.15,1
1790035406.8891163,29.25489993763096,24.875824997399786,14.695432092217073,10.95545662251207,16.879352269029155,13.043511878745228,0.15,1
1790035407.374612,29.758776008459925,25.18256639220902,14.666124187922465,10.681279233763703,16.93002196100308,12.856472307530499,0.15,1
1790035407.3781743,29.659641811732552,25.22001373649153,14.66602384103138,10.680339287744829,16.915066536636555,12.861290455056833,0.15,1
1790035407.4772062,29.93119205633903,25.195083746550434,14.660059879815709,10.624528838175223,16.950729706294204,12.810112074431505,0.15,1
1790035407.5761218,29.98524822278554,25.323433328581554,14.654020823301469,10.568155871696115,16.953704933224078,12.781447490228931,0.15,1
1790035407.680802,30.04188950266234,25.35926524815275,14.647574756432343,10.508242923754429,16.956721968366843,12.735896272414177,0.15,1
1790035407.7801695,30.125909302430955,25.545306148772703,14.641394631582628,10.451139720851815,16.96407183220988,12.715264685039948,0.15,1
1790035407.87922,30.26912979810229,25.635095153718375,14.63514516083053,10.393714172226746,16.980242856421295,12.67992131945049,0.15,1
1790035407.9786026,30.39655902066865,25.6388381552424,14.62883170672841,10.33596749242498,16.993990803819447,12.631398091847592,0.15,1
1790035408.0775535,30.522152114467374,25.706940539201437,14.622500244138434,10.278253004187121,17.007448024687776,12.592556134439269,0.15,1
1790035408.176633,30.57374807966785,25.73835784428361,14.616132531290773,10.22028059579308,17.009774863547335,12.547992183066658,0.15,1
1790035408.2814548,30.638714070074293,25.790463261057223,14.609356965052665,10.158650227129954,17.01376053080591,12.503422182219044,0.15,1
1790035408.380421,30.782147937072203,25.83453683353332,14.602920503480854,10.100214586571548,17.029804618519556,12.460362923615815,0.15,1
1790035408.4804363,30.870099642516696,25.95275923513508,14.596398974451017,10.041128592509397,17.037454074660868,12.427873188903249,0.15,1
1790035408.5799825,30.98739664212396,26.06835205894777,14.589858804919993,9.981993705865397,17.049489480500586,12.394947458827755,0.15,1
1790035408.6798444,31.118029051722115,26.13608143600103,14.58322535543496,9.922089874630457,17.063445909878034,12.354188608836044,0.15,1
1790035408.7790306,31.04589300757946,26.16446407098259,14.576638632698453,9.86262789339188,17.0470267889306,12.307903320030485,0.15,1
1790035408.8786888,31.16385697258865,26.210491686731395,14.569977363702643,9.802475806237725,17.059059305035543,12.263678188311776,0.15,1
1790035408.9784322,31.396064732715367,26.33693490286471,14.563306036810669,9.742186149328356,17.088219841196373,12.23139846235881,0.15,1
1790035409.0774229,31.38286288989553,26.322506808922707,14.556625421087471,9.681739086716952,17.08056104140868,12.177854245047815,0.15,1
1790035409.176448,31.51678859862679,26.380522929423115,14.549921786827804,9.620988190537352,17.09495180859765,12.134918401370216,0.15,1
1790035409.2808387,31.584206629011398,26.52880261105525,14.542840494849663,9.556691352730194,17.099045414973922,12.102508041478952,0.15,1
1790035409.380124,31.77312501550129,26.61197750551077,14.536074693901567,9.495128187450248,17.121632242141523,12.062655585159327,0.15,1
1790035409.4793575,31.69833961832178,26.665059288638343,14.52930643713571,9.433402317962424,17.104661414313618,12.018150863563811,0.15,1
1790035409.5785036,31.91396467624065,26.738776925581025,14.522523892610495,9.371395609775275,17.131240010155018,11.976502807146137,0.15,1
1790035409.6779556,32.088933071010864,26.68337249886681,14.515698026380903,9.30883199962142,17.151683283075396,11.915013074508227,0.15,1
1790035409.7771294,32.076053505404545,26.8843402237503,14.508871230291243,9.246091692853819,17.143948571558237,11.891828972488291,0.15,1
1790035409.8761072,32.12382240145523,26.99671796345533,14.502029644264244,9.183053530551247,17.145298557842892,11.855103195486858,0.15,1
1790035409.9809127,32.32434188958799,27.037386447600824,14.494770030855436,9.116128772207443,17.169205809665318,11.80431742351645,0.15,1
1790035410.08012,32.37489601055311,27.10402906602696,14.487829241390553,9.052316373329315,17.170889256764937,11.76007327723396,0.15,1
1790035410.1796186,32.55467206122748,27.14346878372943,14.480823238393874,8.988193826110999,17.191900561818915,11.711485069753763,0.15,1
1790035410.2785406,32.61020713228733,27.213429248369547,14.473791769815541,8.92413794212709,17.19425407418631,11.667531638063458,0.15,1
1790035410.3777487,32.65283966217551,27.260819777918044,14.466653070292836,8.859418957009469,17.194581059075237,11.619629080145755,0.15,1
1790035410.4776614,32.78659317413163,27.356134950707524,14.459397809052914,8.79391785009158,17.208477113814723,11.578250415183971,0.15,1
1790035410.581359,32.94614337375775,27.355412610814927,14.45180900759982,8.725605465140353,17.22595916252351,11.520076536991539,0.15,1
1790035410.6805875,32.98744170272639,27.550710430553384,14.444507680023147,8.659984243261563,17.225947783428634,11.493593171355336,0.15,1
1790035410.780131,33.054362326882455,27.504040168689915,14.437169168481407,8.594041389060092,17.22974814224156,11.430541206004564,0.15,1
1790035410.8790517,33.198894245971324,27.655458148152377,14.429796845781082,8.527707380572307,17.24516145580962,11.396869995709316,0.15,1
1790035410.9794295,33.28801985335639,27.748776125804056,14.42232103458148,8.46026358039761,17.252175857397717,11.353540462208578,0.15,1
1790035411.078132,33.427311007192394,27.792355165796096,14.41496815649744,8.39372288008486,17.266819584101682,11.303517722941546,0.15,1
1790035411.1775808,33.50993367578291,27.935096685543595,14.407522569639948,8.326133160423703,17.272884235561392,11.267477689191686,0.15,1
1790035411.2772565,33.569949186503095,27.78714384455721,14.40004116144978,8.258074196754077,17.275527365207775,11.187434643924547,0.15,1
1790035411.3762972,33.75777530516394,27.932603913859896,14.392566459795557,8.18999790119776,17.297347786600813,11.151388803097081,0.15,1
1790035411.4773295,33.782269545216764,28.09050608601776,14.384944859460179,8.12053788342387,17.294543562323664,11.116033113812954,0.15,1
1790035411.5810535,33.7987214207067,28.03383856376378,14.377038854037977,8.048467722216385,17.290291239038286,11.046273348448494,0.15,1
1790035411.6796925,33.895730918289,28.124606525128957,14.369516384271762,7.97989506963809,17.298448564374347,11.00160178796172,0.15,1
1790035411.7796562,34.096039174101435,28.259326895059093,14.361811760909928,7.90960914505836,17.321945872888655,10.96206680755847,0.15,1
1790035411.878443,34.18497677414576,28.230473366836524,14.354199460408484,7.840052669295976,17.328816057469076,10.898615773927059,0.15,1
1790035411.978131,34.15364950036394,28.37244380221472,14.34652717427917,7.769795376604476,17.317595523191887,10.860192640446012,0.15,1
1790035412.0772238,34.342972277414326,28.460900111912803,14.338883617411977,7.699622082696065,17.33949691641233,10.813813787078576,0.15,1
1790035412.1770663,34.49980223353283,28.51356369463848,14.331153471799269,7.628521870709807,17.356450786059302,10.761278144299109,0.15,1
1790035412.282149,34.60600570618395,28.590439779082217,14.323021492352554,7.55371285283428,17.365469124427264,10.70922189177147,0.15,1
1790035412.381189,34.691856900253086,28.61191398117556,14.315280018118656,7.48266477462724,17.37176655043882,10.65205215560949,0.15,1
1790035412.4803216,34.753818639515835,28.725218554489988,14.307448345959376,7.4110996792962975,17.374403889992845,10.60821751057535,0.15,1
1790035412.579285,34.901104782704046,28.763808284294317,14.299565763570127,7.3394949458449394,17.389796616440215,10.553141946612346,0.15,1
1790035412.67898,34.98413535957441,28.83882278826987,14.29156303125187,7.267311009680044,17.39544888050025,10.503037776468517,0.15,1
1790035412.7781556,35.04968761868615,28.96185232358118,14.283485366461042,7.194959003432024,17.39841570429481,10.459993001454396,0.15,1
1790035412.8769665,35.05304110036785,28.92356348744393,14.275359193975321,7.122538984437695,17.3920114799342,10.392692659888631,0.15,1
1790035412.977174,35.177087129293255,28.940678337013537,14.267068621859588,7.048858365278341,17.403571397974638,10.33263136103862,0.15,1
1790035413.0815542,35.31988701415957,29.166674818110337,14.258379490824598,6.971705635914992,17.417605619324842,10.300951013244294,0.15,1
1790035413.181733,35.43802995537819,29.208044810093615,14.250002662485066,6.897279593633548,17.428206756419033,10.243894376102556,0.15,1
1790035413.2816803,35.604981625621484,29.333332616993776,14.241638810289363,6.822834339088456,17.44614023258918,10.199409080774252,0.15,1
1790035413.382604,35.64626992121759,29.404092440926007,14.233227608127253,6.747759402138597,17.4451839550908,10.146209357956709,0.15,1
1790035413.4784312,35.74852974568868,29.36050040101796,14.225091399726148,6.674878140064222,17.453607151620528,10.077721479207282,0.15,1
1790035413.5776806,35.81176377741851,29.39665600167119,14.216747828407449,6.599740397418211,17.45600022075911,10.019277738056157,0.15,1
1790035413.6783454,35.89602888752118,29.522068778797657,14.208321007330143,6.523298825738221,17.4614771893588,9.973114318697137,0.15,1
1790035413.7781844,36.07875478888313,29.694726442945232,14.199981732439877,6.446988694769524,17.481797690906365,9.93414935699588,0.15,1
1790035413.8779676,36.067551579312216,29.69700926322635,14.19164408672911,6.370012822020056,17.473030210616574,9.869062288201,0.15,1
1790035413.9764168,36.18140732392978,29.768864534576,14.183471704513552,6.2939693823507,17.483162047425985,9.815203655184495,0.15,1
1790035414.0813808,36.33005797612935,29.725830253637064,14.174773533262194,6.212457066401213,17.498066199692268,9.739463044486591,0.15,1
1790035414.1804068,36.4803679439845,29.855284261241053,14.166569630708223,6.135145669984173,17.513639377699665,9.693166458672705,0.15,1
1790035414.2814417,36.506573596373016,29.90158814780088,14.158205351213427,6.0560859803086835,17.510460587987364,9.632911305432513,0.15,1
1790035414.3797543,36.59719402125061,30.04413805056017,14.150018480250289,5.978594919435,17.517094811400334,9.588426389103777,0.15,1
1790035414.48256,36.721502083148565,30.109936882222037,14.141505215937766,5.8979591066124115,17.528504746019387,9.529755772953855,0.15,1
1790035414.5793712,36.84422419670646,30.22617127768004,14.133351936485909,5.820683621994991,17.539982775518993,9.48150677034775,0.15,1
1790035414.6781392,36.90607600330445,30.15427649815279,14.12505353990303,5.742008943659194,17.542206909413242,9.403849076833232,0.15,1
1790035414.7789278,37.07564985035988,30.280916934988685,14.116569840625571,5.661614774372846,17.560431842085716,9.354510098465221,0.15,1
1790035414.8795514,37.17692959243817,30.385918595589104,14.107979382415836,5.580517372622642,17.568321913919185,9.30132755606761,0.15,1
1790035414.9787872,37.21219011736767,30.45249169593492,14.099442287479436,5.500507503859866,17.56635446196267,9.243305132671123,0.15,1
1790035415.0780942,37.41391471957534,30.60725415534681,14.090802051525177,5.419685799801962,17.589268951732702,9.197821053133689,0.15,1
1790035415.1768966,37.41695410318759,30.57941948327242,14.082174244196096,5.33897372532802,17.58239122304482,9.12504058901968,0.15,1
1790035415.277753,37.566437265952615,30.59854562550408,14.073393177848379,5.256815725960196,17.597349791064016,9.05807521089178,0.15,1
1790035415.3821049,37.63185472471985,30.71135998678012,14.064194128736581,5.1707317914196995,17.599343218134074,9.001826020723762,0.15,1
1790035415.4807851,37.72789757854851,30.738905493606996,14.055494848165774,5.089311183426671,17.606355257723184,8.93675032995372,0.15,1
1790035415.5798683,37.73012082575967,30.745122898425283,14.046705950369349,5.007040088165856,17.599218181677898,8.86775250970477,0.15,1
1790035415.680488,37.85263748567319,30.89509407668975,14.037780912312634,4.923482716293579,17.610009398316716,8.819224420353004,0.15,1
1790035415.7790437,37.9907255029276,31.082724378682173,14.028984299151585,4.841118241101047,17.623245479717987,8.777359161738215,0.15,1
1790035415.878584,38.15853105377819,31.006270983706123,14.02007250342853,4.757666286163317,17.64084128598098,8.694956990794738,0.15,1
1790035415.9776,38.21794798483525,31.10217365149481,14.011177052033668,4.674358052033513,17.642192691953902,8.638530391952708,0.15,1
1790035416.0804243,38.28741876560091,31.202566899285287,14.001911948273666,4.5875776965382835,17.644737970872754,8.579826076950333,0.15,1
1790035416.1785476,38.42904900728885,31.243875156161792,13.993003876486604,4.504134049700343,17.65841064610694,8.515095215669561,0.15,1
1790035416.2777083,38.54875622794221,31.27199263836805,13.984000919490008,4.4197954138211255,17.668714215757838,8.447624997503164,0.15,1
1790035416.3822026,38.59859670047855,31.530895820758104,13.974459628590509,4.330406873187291,17.668080189373715,8.410480215322913,0.15,1
1790035416.481932,38.70746588600934,31.541315711238187,13.96534355420421,4.244995821278945,17.67666190397498,8.33944380477283,0.15,1
1790035416.580583,38.79786027759729,31.566594625013785,13.956218605263901,4.159495423088319,17.68246485611391,8.270560303377138,0.15,1
1790035416.6799903,38.88816063839768,31.5974565414952,13.947058962359918,4.073663161938502,17.688224213765583,8.202232168872007,0.15,1
1790035416.7791631,38.94951083057172,31.69575182699874,13.937854257690622,3.9874016909359034,17.689602743622785,8.143654211345329,0.15,1
1790035416.878554,39.04360768381036,31.77592601226829,13.92862435239528,3.900898720525515,17.695871852107544,8.082152814286932,0.15,1
1790035416.977375,39.237588128533694,31.828990945446638,13.919411998274608,3.814556897580757,17.717138417813473,8.01672200476064,0.15,1
1790035417.082371,39.27222053382117,31.905630508432477,13.909552662815715,3.7221470991894017,17.713952843466533,7.949669610575863,0.15,1
1790035417.1812868,39.368331828552726,31.99779252278328,13.900249087548243,3.634937514908994,17.720461498698914,7.889365766090136,0.15,1
1790035417.280672,39.38988914531024,32.00264085106901,13.890871251583375,3.5470168694195636,17.715723935642405,7.815360466666981,0.15,1
1790035417.379285,39.47885372177058,32.01254270605744,13.881508955795752,3.459220009875064,17.721110670691974,7.74221841430242,0.15,1
1790035417.4785757,39.74418835978036,32.200395901323,13.872071820282942,3.3706918218009396,17.752889301207553,7.6951474337292485,0.15,1
1790035417.5781431,39.73789425683411,32.14904290595984,13.862592271288836,3.281728380396869,17.743887569120627,7.611825559231313,0.15,1
1790035417.677276,39.723087606201936,32.265225572804866,13.853109978675576,3.1926939684893467,17.73360662280453,7.553573709136675,0.15,1
1790035417.781909,40.09518729302615,32.38616265362106,13.843068733744248,3.0983534656557423,17.78088651763653,7.491524843850539,0.15,1
1790035417.881683,40.04426413954954,32.45634615309098,13.833461678044626,3.008030378248378,17.76508204727036,7.425277744474768,0.15,1
1790035417.98081,40.091634756765984,32.48645414138233,13.823918701654764,2.9182421713979787,17.764076109921447,7.353473966895631,0.15,1
1790035418.0830712,40.27517761637518,32.5674008867048,13.814046183739347,2.825275427941027,17.783215898634722,7.286594246755593,0.15,1
1790035418.1807852,40.40579514442872,32.65619388181396,13.804479811208884,2.7351109069685386,17.79467711119186,7.223273353195352,0.15,1
1790035418.2791998,40.49641102267066,32.67228100200756,13.79492255207231,2.6449473135626222,17.80014582266206,7.149047366829362,0.15,1
1790035418.3781574,40.60515901624084,32.85625811831187,13.785244665177103,2.5535544922185887,17.808231817836663,7.09896003613258,0.15,1
1790035418.477689,40.60959863585445,32.7989332994522,13.775543907159605,2.46185055085729,17.80065211646383,7.012412963146527,0.15,1
1790035418.58253,40.82795218600875,32.905912071287844,13.765251675101583,2.3644465942778856,17.824656751737656,6.945666415829379,0.15,1
1790035418.6816845,40.9288211452682,32.96159968770727,13.755491562235939,2.2719738982290645,17.83149099969078,6.875417766650795,0.15,1
1790035418.7808323,41.02884289883471,33.05854337197845,13.745740315559495,2.179480932709206,17.838205703050775,6.811340298599593,0.15,1
1790035418.8798397,41.06632456674983,33.19835093425401,13.73594729368655,2.0864818711972477,17.83550388464604,6.7532622306557615,0.15,1
1790035418.9796505,41.133436904786805,33.141757902578725,13.726094681153603,1.9928005510984346,17.837196014698584,6.665144153820478,0.15,1
1790035419.078786,41.22654557582735,33.279664779463616,13.716258594760133,1.8991552602438957,17.842801641920214,6.6062316881268535,0.15,1
