t,x_m,y_m
1790037858.4975386,0.0,0.0
1790037858.506532,0.0,0.0
1790037858.5990524,0.0,0.0
1790037858.6983025,0.0,0.0
1790037858.7942717,0.0,0.0
1790037858.8979893,0.0,0.0
1790037858.9952166,0.0,0.0
1790037859.0965977,0.0,0.0
1790037859.1951964,0.0,0.0
1790037859.298884,0.0,0.0
1790037859.3988502,0.0,0.0
1790037859.4989169,0.0,0.0
1790037859.599031,0.0,0.0
1790037859.7002776,0.0,0.0
1790037859.7999103,0.0,0.0
1790037859.8999915,0.0,0.0
1790037860.0001354,0.0,0.0
1790037860.096239,0.0,0.0
1790037860.1988964,0.0,0.0
1790037860.2981894,0.0,0.0
1790037860.397442,0.0,0.0
1790037860.497456,0.0,0.0
1790037860.5972986,0.0,0.0
1790037860.698902,0.0,0.0
1790037860.7987025,0.0,0.0
1790037860.8986626,0.0,0.0
1790037860.9981012,0.0,0.0
1790037861.0985105,0.0,0.0
1790037861.1995432,0.0,0.0
1790037861.300771,0.0,0.0
1790037861.4008355,0.0,0.0
1790037861.500213,0.0,0.0
1790037861.6001835,0.0,0.0
1790037861.7005837,0.0,0.0
1790037861.800729,0.0,0.0
1790037861.9007497,0.0,0.0
1790037862.0000808,0.0,0.0
1790037862.0985768,0.0,0.0
1790037862.1999502,0.0,0.0
1790037862.3002756,0.0,0.0
1790037862.4000385,0.0,0.0
1790037862.4990833,0.0,0.0
1790037862.5991073,0.0,0.0
1790037862.7006052,0.0,0.0
1790037862.800336,0.0,0.0
1790037862.9001598,0.0,0.0
1790037862.9997828,0.0,0.0
1790037863.098871,0.0,0.0
1790037863.1988182,0.0,0.0
1790037863.2998192,0.0,0.0
1790037863.3997777,0.0,0.0
1790037863.4997363,0.0,0.0
1790037863.600088,0.0,0.0
1790037863.6999762,0.0,0.0
1790037863.8002272,0.0,0.0
1790037863.9006736,0.0,0.0
1790037863.9981544,0.0,0.0
1790037864.0987954,0.0,0.0
1790037864.1996589,0.0,0.0
1790037864.3001926,0.0,0.0
1790037864.39969,0.0,0.0
1790037864.5003052,0.0,0.0
1790037864.6005309,0.0,0.0
1790037864.6964662,0.0,0.0
1790037864.7973218,0.0,0.0
1790037864.8972168,0.0,0.0
1790037864.9977636,0.0,0.0
1790037865.096507,0.0,0.0
1790037865.1963472,0.0,0.0
1790037865.2986777,0.0,0.0
1790037865.397216,0.0,0.0
1790037865.4976504,0.0,0.0
1790037865.5988147,0.0,0.0
1790037865.6990666,0.0,0.0
1790037865.798921,0.0,0.0
1790037865.900132,0.0,0.0
1790037866.0001512,0.0,0.0
1790037866.100072,0.0,0.0
1790037866.2012448,0.0,0.0
1790037866.297042,0.0,0.0
1790037866.3975644,0.0,0.0
1790037866.497437,0.0,0.0
1790037866.5972002,0.0,0.0
1790037866.6968057,0.0,0.0
1790037866.796517,0.0,0.0
1790037866.8968902,0.0,0.0
1790037867.31335,0.0,0.0
1790037867.3865535,0.0,0.0
1790037867.4181015,0.0,0.0
1790037867.51726,0.0,0.0
1790037867.6273596,0.0,0.0
1790037867.7188404,0.0,0.0
1790037867.8194923,0.0,0.0
1790037867.9141936,0.0,0.0
1790037868.0151176,0.0,0.0
1790037868.1307175,0.0,0.0
1790037868.2150023,0.0,0.0
1790037868.3157425,0.0,0.0
1790037868.415652,0.0,0.0
1790037868.5157654,0.0,0.0
1790037868.6396854,0.0,0.0
1790037868.718842,0.0,0.0
1790037868.819198,0.0,0.0
1790037868.914317,0.0,0.0
1790037869.0148528,0.0,0.0
1790037869.1307566,0.0,0.0
1790037869.217907,0.0,0.0
1790037869.3176465,0.0,0.0
1790037869.4182827,0.0,0.0
1790037869.519764,0.0,0.0
1790037869.63527,0.0,0.0
1790037869.7154138,0.0,0.0
1790037869.8164396,0.0,0.0
1790037869.916112,0.0,0.0
1790037870.0151577,0.0,0.0
1790037870.1251333,0.0,0.0
1790037870.2197337,0.0,0.0
1790037870.3177826,0.0,0.0
1790037870.4189973,0.0,0.0
1790037870.516143,0.0,0.0
1790037870.6366453,0.0,0.0
1790037870.715119,0.0,0.0
1790037870.8146038,0.0,0.0
1790037870.9143362,0.009078558471345295,0.0
1790037871.0180073,0.009078558471345295,0.0
1790037871.13737,0.009078558471345295,0.0
1790037871.217332,0.009078558471345295,0.0
1790037871.317375,0.009078558471345295,0.0
1790037871.4181116,0.009078558471345295,-0.011132000130089637
1790037871.5175872,0.009078558471345295,-0.011132000130089637
1790037871.631694,0.009078558471345295,-0.011132000130089637
1790037871.716744,0.009078558471345295,-0.011132000130089637
1790037871.8158152,0.009078558471345295,-0.011132000130089637
1790037871.9174829,0.01815711694269059,-0.011132000130089637
1790037872.0175354,0.01815711694269059,-0.011132000130089637
1790037872.1261983,0.01815711694269059,-0.011132000130089637
1790037872.218791,0.01815711694269059,-0.011132000130089637
1790037872.318601,0.01815711694269059,-0.011132000130089637
1790037872.4186673,0.01815711694269059,-0.011132000130089637
1790037872.5178618,0.01815711694269059,-0.011132000130089637
1790037872.6374304,0.01815711694269059,-0.011132000130089637
1790037872.7173896,0.01815711694269059,-0.011132000130089637
1790037872.8176322,0.01815711694269059,-0.011132000130089637
1790037872.917144,0.01815711694269059,-0.011132000130089637
1790037873.0152984,0.01815711694269059,-0.011132000130089637
1790037873.135055,0.01815711694269059,-0.011132000130089637
1790037873.2190993,0.01815711694269059,-0.011132000130089637
1790037873.3199432,0.01815711694269059,-0.011132000130089637
1790037873.418356,0.01815711694269059,-0.011132000130089637
1790037873.5183723,0.01815711694269059,-0.011132000130089637
1790037873.6372998,0.01815711694269059,-0.011132000130089637
1790037873.7194197,0.01815711694269059,-0.011132000130089637
1790037873.818102,0.01815711694269059,-0.011132000130089637
1790037873.917924,0.01815711694269059,-0.011132000130089637
1790037874.0176494,0.01815711694269059,-0.011132000130089637
1790037874.1222456,0.01815711694269059,-0.011132000130089637
1790037874.2200713,0.01815711694269059,-0.011132000130089637
1790037874.3192449,0.01815711694269059,-0.011132000130089637
1790037874.419366,0.01815711694269059,-0.011132000130089637
1790037874.519421,0.01815711694269059,-0.011132000130089637
1790037874.6333597,0.01815711694269059,-0.011132000130089637
1790037874.7203202,0.01815711694269059,-0.011132000130089637
1790037874.8157206,0.01815711694269059,-0.011132000130089637
1790037874.9163198,0.01815711694269059,-0.011132000130089637
1790037875.0183232,0.01815711694269059,-0.011132000130089637
1790037875.1361525,0.01815711694269059,-0.011132000130089637
1790037875.2204442,0.01815711694269059,-0.011132000130089637
1790037875.3198988,0.01815711694269059,-0.011132000130089637
1790037875.4155962,0.01815711694269059,-0.011132000130089637
1790037875.5160174,0.01815711694269059,-0.011132000130089637
1790037875.6327171,0.01815711694269059,-0.011132000130089637
1790037875.7177544,0.009078558471345295,-0.011132000130089637
1790037875.8177328,0.009078558471345295,-0.011132000130089637
1790037875.9170468,0.009078558471345295,-0.011132000130089637
1790037876.016581,0.009078558471345295,-0.011132000130089637
1790037876.1336317,0.009078558471345295,-0.011132000130089637
1790037876.2172563,0.009078558471345295,-0.011132000130089637
1790037876.3185377,0.009078558471345295,-0.011132000130089637
1790037876.417562,0.009078558471345295,-0.011132000130089637
1790037876.5175135,0.009078558471345295,-0.011132000130089637
1790037876.6355658,0.009078558471345295,-0.011132000130089637
1790037876.7188716,0.009078558471345295,-0.011132000130089637
1790037876.8199255,0.009078558471345295,-0.011132000130089637
1790037876.919454,0.009078558471345295,-0.011132000130089637
1790037877.018737,0.009078558471345295,-0.011132000130089637
1790037877.1344368,0.009078558471345295,-0.011132000130089637
1790037877.21955,0.009078558471345295,-0.011132000130089637
1790037877.3196895,0.009078558471345295,-0.011132000130089637
1790037877.4195814,0.009078558471345295,-0.011132000130089637
1790037877.5196433,0.009078558471345295,-0.011132000130089637
1790037877.637871,0.009078558471345295,-0.011132000130089637
1790037877.721523,0.009078558471345295,-0.011132000130089637
1790037877.8177342,0.009078558471345295,-0.011132000130089637
1790037877.917223,0.009078558471345295,-0.011132000130089637
1790037878.0181422,0.009078558471345295,-0.011132000130089637
1790037878.128734,0.009078558471345295,-0.011132000130089637
1790037878.2179933,0.009078558471345295,-0.011132000130089637
1790037878.318153,0.009078558471345295,-0.011132000130089637
1790037878.4187176,0.009078558471345295,-0.011132000130089637
1790037878.517903,0.009078558471345295,-0.011132000130089637
1790037878.6390276,0.009078558471345295,-0.011132000130089637
1790037878.7184696,0.009078558471345295,-0.011132000130089637
1790037878.8186018,0.009078558471345295,-0.011132000130089637
1790037878.920689,0.009078558471345295,-0.011132000130089637
1790037879.0210404,0.009078558471345295,-0.011132000130089637
1790037879.134101,0.009078558471345295,-0.011132000130089637
1790037879.2168298,0.009078558471345295,-0.011132000130089637
1790037879.3179083,0.009078558471345295,-0.011132000130089637
1790037879.417848,0.009078558471345295,-0.011132000130089637
1790037879.517928,0.009078558471345295,-0.011132000130089637
1790037879.6359072,0.009078558471345295,-0.011132000130089637
1790037879.719118,0.009078558471345295,-0.011132000130089637
1790037879.8192706,0.009078558471345295,-0.011132000130089637
1790037879.9205053,0.009078558471345295,-0.011132000130089637
1790037880.021194,0.009078558471345295,-0.011132000130089637
1790037880.129546,0.009078558471345295,-0.011132000130089637
1790037880.2183328,0.009078558471345295,-0.011132000130089637
1790037880.3176422,0.009078558471345295,-0.011132000130089637
1790037880.4174926,0.009078558471345295,-0.011132000130089637
1790037880.518279,0.009078558471345295,-0.011132000130089637
1790037880.6375902,0.009078558471345295,-0.011132000130089637
1790037880.7168272,0.009078558471345295,-0.011132000130089637
1790037880.8182075,0.009078558471345295,-0.011132000130089637
1790037880.9169605,0.009078558471345295,-0.011132000130089637
1790037881.017371,0.009078558471345295,-0.011132000130089637
1790037881.1348135,0.009078558471345295,-0.011132000130089637
1790037881.2181304,0.009078558471345295,-0.011132000130089637
1790037881.3177416,0.009078558471345295,-0.011132000130089637
1790037881.4169197,0.009078558471345295,-0.011132000130089637
1790037881.5169308,0.009078558471345295,-0.011132000130089637
1790037881.6376274,0.009078558471345295,-0.011132000130089637
1790037881.7200892,0.009078558471345295,-0.011132000130089637
1790037881.8193953,0.009078558471345295,-0.011132000130089637
1790037881.919599,0.009078558471345295,-0.011132000130089637
1790037882.3193088,0.009078558471345295,-0.011132000130089637
1790037882.3843544,0.009078558471345295,-0.011132000130089637
1790037882.4243689,0.009078558471345295,-0.011132000130089637
1790037882.5234718,0.009078558471345295,-0.011132000130089637
1790037882.6327822,0.009078558471345295,-0.011132000130089637
1790037882.7199175,0.009078558471345295,-0.011132000130089637
1790037882.8218343,0.009078558471345295,-0.011132000130089637
1790037882.9215295,0.009078558471345295,-0.011132000130089637
1790037883.0246294,0.009078558471345295,-0.011132000130089637
1790037883.1373866,0.009078558471345295,-0.011132000130089637
1790037883.2235446,0.009078558471345295,-0.011132000130089637
1790037883.3232858,0.009078558471345295,-0.011132000130089637
1790037883.4235718,0.009078558471345295,-0.011132000130089637
1790037883.523337,0.009078558471345295,-0.011132000130089637
1790037883.6364694,0.009078558471345295,-0.011132000130089637
1790037883.7246916,0.009078558471345295,-0.011132000130089637
1790037883.824704,0.009078558471345295,-0.011132000130089637
1790037883.9245644,0.009078558471345295,-0.011132000130089637
1790037884.0247412,0.009078558471345295,-0.011132000130089637
1790037884.1392329,0.009078558471345295,-0.011132000130089637
1790037884.2232118,0.009078558471345295,-0.011132000130089637
1790037884.3209865,0.009078558471345295,-0.011132000130089637
1790037884.4226005,0.009078558471345295,-0.011132000130089637
1790037884.522021,0.009078558471345295,-0.011132000130089637
1790037884.6339688,0.009078558471345295,-0.011132000130089637
1790037884.7223232,0.009078558471345295,-0.011132000130089637
1790037884.8224788,0.009078558471345295,-0.011132000130089637
1790037884.922542,0.009078558471345295,-0.011132000130089637
1790037885.022611,0.009078558471345295,-0.011132000130089637
1790037885.131811,0.009078558471345295,-0.011132000130089637
1790037885.2245665,0.009078558471345295,-0.011132000130089637
1790037885.325014,0.009078558471345295,-0.011132000130089637
1790037885.4252582,0.009078558471345295,-0.011132000130089637
1790037885.5245495,0.009078558471345295,-0.011132000130089637
1790037885.6358497,0.009078558471345295,-0.011132000130089637
1790037885.7244802,0.009078558471345295,-0.011132000130089637
1790037885.823786,0.009078558471345295,-0.011132000130089637
1790037885.9236305,0.009078558471345295,-0.011132000130089637
1790037886.0236073,0.009078558471345295,-0.011132000130089637
1790037886.1363344,0.009078558471345295,-0.011132000130089637
1790037886.2252274,0.009078558471345295,-0.011132000130089637
1790037886.3230624,0.009078558471345295,-0.011132000130089637
1790037886.421671,0.009078558471345295,-0.011132000130089637
1790037886.5204737,0.009078558471345295,-0.011132000130089637
1790037886.6317794,0.009078558471345295,-0.011132000130089637
1790037886.722222,0.009078558471345295,-0.011132000130089637
1790037886.8224163,0.009078558471345295,-0.011132000130089637
1790037886.9223146,0.009078558471345295,-0.011132000130089637
1790037887.0221035,0.009078558471345295,-0.011132000130089637
1790037887.1361215,0.009078558471345295,0.0
1790037887.222087,0.01815711694269059,0.022264000260179273
1790037887.3235133,0.01815711694269059,0.06679199998956165
1790037887.4227655,0.01815711694269059,0.12245199984903365
1790037887.5227122,0.027235675414035883,0.21150800009877457
1790037887.6360552,0.027235675414035883,0.3228279998177186
1790037887.723988,0.027235675414035883,0.47867600005702116
1790037887.8243525,0.027235675414035883,0.6456560004264134
1790037887.9242935,0.027235675414035883,0.8460320003950983
1790037888.0241838,0.027235675414035883,1.079803999963076
1790037888.1363387,0.027235675414035883,1.3247080004521194
1790037888.2257037,0.027235675414035883,1.5807440002802764
1790037888.3261,0.027235675414035883,1.847912000238523
1790037888.422192,0.027235675414035883,2.126212000326859
1790037888.5229666,0.027235675414035883,2.4045120004151954
1790037888.6372228,0.027235675414035883,2.693943999842645
1790037888.7228014,0.027235675414035883,2.983376000061071
1790037888.8245482,0.027235675414035883,3.272808000279497
1790037888.9237826,0.027235675414035883,3.5622400004979227
1790037889.0230556,0.027235675414035883,3.8516719999253723
1790037889.1244073,0.027235675414035883,4.152236000273888
1790037889.221341,0.027235675414035883,4.441668000492314
1790037889.320579,0.01815711694269059,4.731099999919763
1790037889.4252377,0.01815711694269059,5.031664000268279
1790037889.5244792,0.01815711694269059,5.321096000486705
1790037889.6277132,0.01815711694269059,5.621660000044244
1790037889.7239587,0.01815711694269059,5.91109200026267
1790037889.824189,0.01815711694269059,6.211655999820209
1790037889.925486,0.01815711694269059,6.512220000168725
1790037890.0246055,0.01815711694269059,6.81278400051724
1790037890.1425962,0.01815711694269059,7.1133480000747795
1790037890.2264786,0.01815711694269059,7.413912000423295
1790037890.3264973,0.01815711694269059,7.714475999980834
1790037890.4253962,0.01815711694269059,8.01504000032935
1790037890.5229757,0.01815711694269059,8.31560399988689
1790037890.6339226,0.01815711694269059,8.627300000365494
1790037890.7244673,0.01815711694269059,8.927863999923034
1790037890.822285,0.01815711694269059,9.228428000271549
1790037890.9237337,0.01815711694269059,9.540123999959178
1790037891.0253503,0.01815711694269059,9.840688000307694
1790037891.1380818,0.01815711694269059,10.141251999865233
1790037891.2252178,0.01815711694269059,10.452948000343838
1790037891.326235,0.01815711694269059,10.753511999901377
1790037891.4263484,0.01815711694269059,11.065208000379982
1790037891.5263295,0.01815711694269059,11.365771999937522
1790037891.63568,0.01815711694269059,11.677468000416127
1790037891.7224562,0.01815711694269059,11.978031999973666
1790037891.823804,0.01815711694269059,12.278596000322182
1790037891.923875,0.01815711694269059,12.59029200000981
1790037892.024178,0.01815711694269059,12.890856000358326
1790037892.138969,0.01815711694269059,13.202552000045955
1790037892.2258945,0.01815711694269059,13.50311600039447
1790037892.326721,0.01815711694269059,13.8148120000821
1790037892.4270508,0.01815711694269059,14.115376000430615
1790037892.5271204,0.01815711694269059,14.415939999988154
1790037892.6366897,0.01815711694269059,14.72763600046676
1790037892.7216468,0.01815711694269059,15.028200000024299
1790037892.826331,0.01815711694269059,15.328764000372814
1790037892.9236472,0.01815711694269059,15.640460000060443
1790037893.0240865,0.01815711694269059,15.941024000408959
1790037893.1388674,0.01815711694269059,16.241587999966498
1790037893.224905,0.01815711694269059,16.542152000315014
1790037893.3255718,0.01815711694269059,16.842715999872553
1790037893.4264772,0.01815711694269059,17.14328000022107
1790037893.5263357,0.01815711694269059,17.454975999908697
1790037893.6412072,0.01815711694269059,17.755540000257213
1790037893.7218742,0.01815711694269059,18.056103999814752
1790037893.8264203,0.01815711694269059,18.356668000163268
1790037893.9266803,0.01815711694269059,18.657232000511783
1790037894.0261617,0.01815711694269059,18.957796000069322
1790037894.137754,0.01815711694269059,19.258360000417838
1790037894.2253609,0.01815711694269059,19.558923999975377
1790037894.3262904,0.01815711694269059,19.859488000323893
1790037894.4263594,0.01815711694269059,20.160051999881432
1790037894.5232766,0.01815711694269059,20.460616000229948
1790037894.632127,0.01815711694269059,20.761179999787487
1790037894.7237787,0.01815711694269059,21.061744000136002
1790037894.8237257,0.01815711694269059,21.362308000484518
1790037894.923836,0.01815711694269059,21.662872000042057
1790037895.023698,0.01815711694269059,21.963436000390573
1790037895.134556,0.01815711694269059,22.263999999948112
1790037895.2236528,0.01815711694269059,22.564564000296627
1790037895.3238358,0.01815711694269059,22.865127999854167
1790037895.4235604,0.01815711694269059,23.165692000202682
1790037895.523777,0.01815711694269059,23.46625599976022
1790037895.639254,0.01815711694269059,23.766820000108737
1790037895.7237897,0.01815711694269059,24.067384000457253
1790037895.8236334,0.01815711694269059,24.367948000014792
1790037895.9234047,0.01815711694269059,24.668512000363307
1790037896.0235157,0.027235675414035883,24.969075999920847
1790037896.1392596,0.027235675414035883,25.269640000269362
1790037896.2236557,0.027235675414035883,25.5702039998269
1790037896.3235624,0.027235675414035883,25.870768000175417
1790037896.4225073,0.027235675414035883,26.171332000523932
1790037896.523344,0.027235675414035883,26.471896000081472
1790037896.6351652,0.027235675414035883,26.772460000429987
1790037896.7235065,0.027235675414035883,27.073023999987527
1790037896.8243425,0.027235675414035883,27.373588000336042
1790037896.9240766,0.027235675414035883,27.67415199989358
1790037897.3172412,0.027235675414035883,28.253016000330433
1790037897.386807,0.027235675414035883,29.00999200047579
1790037897.4220011,0.027235675414035883,29.165839999924117
1790037897.5217395,0.027235675414035883,29.466404000272632
1790037897.6222618,0.027235675414035883,29.76696799983017
1790037897.7230215,0.027235675414035883,30.067532000178687
1790037897.822561,0.027235675414035883,30.368096000527203
1790037897.917857,0.027235675414035883,30.668660000084742
1790037898.0183413,0.027235675414035883,30.969224000433258
1790037898.1185153,0.027235675414035883,31.269787999990797
1790037898.2179894,0.027235675414035883,31.570352000339312
1790037898.3175848,0.027235675414035883,31.87091599989685
1790037898.4176257,0.027235675414035883,32.17148000024537
1790037898.5174794,0.027235675414035883,32.47204399980291
1790037898.6174912,0.027235675414035883,32.76147600002133
1790037898.7190888,0.027235675414035883,33.06204000036985
1790037898.8201268,0.027235675414035883,33.36260399992739
1790037898.9198494,0.027235675414035883,33.6631680002759
1790037899.0196948,0.027235675414035883,33.96373199983344
1790037899.1201153,0.027235675414035883,34.26429600018196
1790037899.2189012,0.027235675414035883,34.55372800040038
1790037899.319003,0.027235675414035883,34.85429199995792
1790037899.4196856,0.027235675414035883,35.15485600030644
1790037899.5210156,0.027235675414035883,35.46655199999407
1790037899.6188235,0.027235675414035883,35.76711600034258
1790037899.720868,0.027235675414035883,36.06767999990012
1790037899.8198798,0.027235675414035883,36.36824400024864
1790037899.9188776,0.027235675414035883,36.66880799980618
1790037900.0179868,0.027235675414035883,36.96937200015469
1790037900.1198134,0.027235675414035883,37.26993600050321
1790037900.219041,0.027235675414035883,37.57050000006075
1790037900.3182523,0.027235675414035883,37.87106400040926
1790037900.4199884,0.027235675414035883,38.16049599983671
1790037900.519782,0.027235675414035883,38.46106000018523
1790037900.6198764,0.027235675414035883,38.76162399974277
1790037900.720853,0.027235675414035883,39.06218800009128
1790037900.820346,0.027235675414035883,39.3627520004398
1790037900.920231,0.027235675414035883,39.66331599999734
1790037901.0163698,0.027235675414035883,39.96388000034585
1790037901.1162102,0.027235675414035883,40.2533119997733
1790037901.2199788,0.027235675414035883,40.55387600012182
1790037901.320678,0.027235675414035883,40.85444000047033
1790037901.420745,0.027235675414035883,41.15500400002787
1790037901.522651,0.027235675414035883,41.46670000050648
1790037901.623519,0.027235675414035883,41.76726400006402
1790037901.7188516,0.027235675414035883,42.06782800041253
1790037901.818714,0.027235675414035883,42.36839199997007
1790037901.9202335,0.027235675414035883,42.66895600031859
1790037902.0201695,0.027235675414035883,42.96951999987613
1790037902.1204505,0.027235675414035883,43.27008400022464
1790037902.218885,0.027235675414035883,43.57064799978218
1790037902.3204064,0.027235675414035883,43.8712120001307
1790037902.421141,0.027235675414035883,44.16064400034912
1790037902.5217197,0.027235675414035883,44.46120799990666
1790037902.622541,0.027235675414035883,44.76177200025518
1790037902.7214208,0.027235675414035883,45.06233599981272
1790037902.8206887,0.027235675414035883,45.36290000016123
1790037902.916207,0.027235675414035883,45.66346400050975
1790037903.0212913,0.027235675414035883,45.96402800006729
1790037903.1165469,0.027235675414035883,46.2645920004158
1790037903.220536,0.027235675414035883,46.56515599997334
1790037903.318065,0.027235675414035883,46.86572000032186
1790037903.4188912,0.027235675414035883,47.1662839998794
1790037903.520738,0.027235675414035883,47.46684800022791
1790037903.6224277,0.027235675414035883,47.77854399991554
1790037903.722307,0.027235675414035883,48.07910800026406
1790037903.8217864,0.027235675414035883,48.379671999821596
1790037903.9221883,0.027235675414035883,48.68023600017011
1790037904.0217505,0.027235675414035883,48.98080000051863
1790037904.121688,0.027235675414035883,49.28136400007617
1790037904.2207692,0.027235675414035883,49.58192800042468
1790037904.3207064,0.027235675414035883,49.88249199998222
1790037904.4208095,0.027235675414035883,50.17192400020065
1790037904.521434,0.027235675414035883,50.47248799975819
1790037904.6214955,0.027235675414035883,50.7730520001067
1790037904.7222886,0.027235675414035883,51.07361600045522
1790037904.8175435,0.027235675414035883,51.37418000001276
1790037904.9175794,0.027235675414035883,51.67474400036127
1790037905.0176897,0.027235675414035883,51.97530799991881
1790037905.122048,0.027235675414035883,52.27587200026733
1790037905.2215445,0.027235675414035883,52.57643599982487
1790037905.3210795,0.027235675414035883,52.87700000017338
1790037905.419622,0.027235675414035883,53.1775640005219
1790037905.5202348,0.027235675414035883,53.47812800007944
1790037905.6212227,0.027235675414035883,53.77869200042795
1790037905.7218544,0.027235675414035883,54.07925599998549
1790037905.8220506,0.027235675414035883,54.37982000033401
1790037905.9225888,0.027235675414035883,54.680383999891546
1790037906.02254,0.027235675414035883,54.98094800024006
1790037906.1189067,0.027235675414035883,55.2815119997976
1790037906.21947,0.027235675414035883,55.58207600014612
1790037906.3233533,0.027235675414035883,55.88264000049463
1790037906.4225054,0.027235675414035883,56.18320400005217
1790037906.5217586,0.027235675414035883,56.48376800040069
1790037906.6212304,0.027235675414035883,56.784331999958226
1790037906.7211816,0.027235675414035883,57.08489600030674
1790037906.821467,0.027235675414035883,57.37432800052517
1790037906.9201047,0.027235675414035883,57.67489200008271
1790037907.019996,0.027235675414035883,57.97545600043122
1790037907.121977,0.027235675414035883,58.27601999998876
1790037907.2172384,0.027235675414035883,58.56545200020719
1790037907.31777,0.027235675414035883,58.86601599976473
1790037907.416997,0.027235675414035883,59.16658000011324
1790037907.518438,0.027235675414035883,59.46714400046176
1790037907.6179838,0.027235675414035883,59.7677080000193
1790037907.718528,0.027235675414035883,60.06827200036781
1790037907.8246348,0.027235675414035883,60.36883599992535
1790037907.9209623,0.027235675414035883,60.66940000027387
1790037908.0229182,0.027235675414035883,60.96996399983141
1790037908.119834,0.027235675414035883,61.27052800017992
1790037908.2209682,0.027235675414035883,61.57109200052844
1790037908.320983,0.027235675414035883,61.87165600008598
1790037908.4216683,0.027235675414035883,62.17222000043449
1790037908.521835,0.027235675414035883,62.47278399999203
1790037908.6229312,0.027235675414035883,62.77334800034055
1790037908.7224324,0.027235675414035883,63.07391199989809
1790037908.8219175,0.027235675414035883,63.3744760002466
1790037908.920872,0.027235675414035883,63.67503999980414
1790037909.0198033,0.027235675414035883,63.96447200002257
1790037909.1201172,0.027235675414035883,64.26503600037108
1790037909.220223,0.027235675414035883,64.56559999992862
1790037909.319708,0.027235675414035883,64.86616400027714
1790037909.4196038,0.027235675414035883,65.16672799983468
1790037909.520227,0.027235675414035883,65.46729200018319
1790037909.6219614,0.027235675414035883,65.76785599974073
1790037909.722393,0.027235675414035883,66.06842000008925
1790037909.8225064,0.027235675414035883,66.36898400043776
1790037909.9236317,0.027235675414035883,66.68068000012539
1790037910.0235066,0.027235675414035883,66.98124400047391
1790037910.123747,0.027235675414035883,67.28180800003145
1790037910.2244675,0.027235675414035883,67.57124000024987
1790037910.3199708,0.027235675414035883,67.87180399980741
1790037910.424675,0.027235675414035883,68.17236800015593
1790037910.524726,0.027235675414035883,68.47293200050444
1790037910.6204672,0.027235675414035883,68.77349600006198
1790037910.719739,0.027235675414035883,69.0740600004105
1790037910.8242953,0.027235675414035883,69.37462399996804
1790037910.920046,0.027235675414035883,69.67518800031655
1790037911.0240192,0.027235675414035883,69.97575199987409
1790037911.1190512,0.027235675414035883,70.26518400009252
1790037911.2230723,0.027235675414035883,70.56574800044103
1790037911.3202937,0.027235675414035883,70.86631199999857
1790037911.4192624,0.027235675414035883,71.16687600034709
1790037911.520084,0.027235675414035883,71.46743999990463
1790037911.6208694,0.027235675414035883,71.76800400025314
1790037911.722142,0.027235675414035883,72.06856799981068
1790037911.8223894,0.027235675414035883,72.3691320001592
1790037911.9222434,0.027235675414035883,72.66969600050771
1790037912.3240323,0.027235675414035883,73.28195599975288
1790037912.3981657,0.027235675414035883,74.02779999976815
1790037912.4289472,0.027235675414035883,74.19478000013754
1790037912.5296144,0.027235675414035883,74.49534400048606
1790037912.6453004,0.027235675414035883,74.7847759999135
1790037912.725248,0.027235675414035883,75.08534000026202
1790037912.8297951,0.027235675414035883,75.38590399981956
1790037912.9296513,0.027235675414035883,75.68646800016808
1790037913.029667,0.027235675414035883,75.98703200051659
1790037913.1417158,0.027235675414035883,76.28759600007413
1790037913.22952,0.027235675414035883,76.57702800029256
1790037913.329557,0.027235675414035883,76.8775919998501
1790037913.429538,0.027235675414035883,77.17815600019861
1790037913.5276074,0.027235675414035883,77.47871999975615
1790037913.641564,0.027235675414035883,77.77928400010467
1790037913.7270784,0.027235675414035883,78.07984800045318
1790037913.827618,0.027235675414035883,78.38041200001072
1790037913.9295502,0.027235675414035883,78.68097600035924
1790037914.0295389,0.027235675414035883,78.98153999991678
1790037914.1410503,0.027235675414035883,79.28210400026529
1790037914.2306235,0.027235675414035883,79.58266799982283
1790037914.329453,0.027235675414035883,79.88323200017135
1790037914.4301486,0.027235675414035883,80.18379600051986
1790037914.5274806,0.027235675414035883,80.4843600000774
1790037914.6433885,0.027235675414035883,80.78492400042592
1790037914.7283542,0.027235675414035883,81.08548799998346
1790037914.8298793,0.027235675414035883,81.38605200033197
1790037914.9263957,0.027235675414035883,81.68661599988951
1790037915.0271387,0.027235675414035883,81.98718000023803
1790037915.1375296,0.027235675414035883,82.27661200045645
1790037915.2278094,0.027235675414035883,82.5660439998839
1790037915.329395,0.027235675414035883,82.83321199984215
1790037915.4291155,0.027235675414035883,83.07811600033119
1790037915.529162,0.027235675414035883,83.30075599976908
1790037915.644746,0.027235675414035883,83.50113200052874
1790037915.730549,0.027235675414035883,83.65697999997707
1790037915.8310049,0.027235675414035883,83.80169600008628
1790037915.9313655,0.027235675414035883,83.91301599980522
1790037916.0310864,0.027235675414035883,83.99093999992488
1790037916.1420572,0.027235675414035883,84.05773199991444
1790037916.2311378,0.01815711694269059,84.1022600004348
1790037916.3305948,0.01815711694269059,84.14678800016418
1790037916.4306772,0.01815711694269059,84.16905200042436
1790037916.5306332,0.01815711694269059,84.19131599989356
1790037916.6477432,0.01815711694269059,84.20244800002365
1790037916.7284324,0.009078558471345295,84.21358000015374
1790037916.8287337,0.009078558471345295,84.22471200028383
1790037916.9281592,0.009078558471345295,84.23584400041392
1790037917.0282211,0.009078558471345295,84.23584400041392
1790037917.14229,0.009078558471345295,84.24697599975303
1790037917.22843,0.009078558471345295,84.24697599975303
1790037917.3289876,0.009078558471345295,84.24697599975303
1790037917.4305058,0.009078558471345295,84.25810799988312
1790037917.5304506,0.009078558471345295,84.25810799988312
1790037917.6406362,0.009078558471345295,84.25810799988312
1790037917.7316167,0.009078558471345295,84.25810799988312
1790037917.8266273,0.009078558471345295,84.25810799988312
1790037917.9274616,0.009078558471345295,84.25810799988312
1790037918.029041,0.009078558471345295,84.25810799988312
1790037918.139068,0.009078558471345295,84.25810799988312
1790037918.230383,0.009078558471345295,84.25810799988312
1790037918.330573,0.009078558471345295,84.24697599975303
1790037918.431527,0.009078558471345295,84.24697599975303
1790037918.5316234,0.009078558471345295,84.24697599975303
1790037918.649274,0.009078558471345295,84.24697599975303
1790037918.726754,0.009078558471345295,84.24697599975303
1790037918.8295836,0.009078558471345295,84.24697599975303
1790037918.9262557,0.01815711694269059,84.23584400041392
1790037919.026652,0.01815711694269059,84.23584400041392
1790037919.146468,0.01815711694269059,84.23584400041392
1790037919.2277875,0.01815711694269059,84.22471200028383
1790037919.3279562,0.01815711694269059,84.22471200028383
1790037919.428028,0.027235675414035883,84.21358000015374
1790037919.5286722,0.027235675414035883,84.21358000015374
1790037919.645654,0.027235675414035883,84.20244800002365
1790037919.731596,0.027235675414035883,84.20244800002365
1790037919.8311858,0.027235675414035883,84.19131599989356
1790037919.9305902,0.027235675414035883,84.19131599989356
1790037920.0324223,0.027235675414035883,84.18018399976347
1790037920.140304,0.027235675414035883,84.18018399976347
1790037920.22885,0.027235675414035883,84.16905200042436
1790037920.3285775,0.027235675414035883,84.16905200042436
1790037920.4276478,0.027235675414035883,84.16905200042436
1790037920.5318372,0.027235675414035883,84.15792000029427
1790037920.6482987,0.027235675414035883,84.15792000029427
1790037920.7284732,0.027235675414035883,84.15792000029427
1790037920.8280692,0.027235675414035883,84.14678800016418
1790037920.927894,0.03631423388538118,84.14678800016418
1790037921.0276856,0.03631423388538118,84.14678800016418
1790037921.146275,0.03631423388538118,84.13565600003409
1790037921.2268686,0.03631423388538118,84.13565600003409
1790037921.3316114,0.03631423388538118,84.13565600003409
1790037921.428698,0.03631423388538118,84.13565600003409
1790037921.5313184,0.03631423388538118,84.13565600003409
1790037921.6451256,0.03631423388538118,84.13565600003409
1790037921.7312324,0.03631423388538118,84.13565600003409
1790037921.831426,0.03631423388538118,84.124523999904
1790037921.931308,0.03631423388538118,84.124523999904
1790037922.0311844,0.03631423388538118,84.124523999904
1790037922.136905,0.03631423388538118,84.124523999904
1790037922.231751,0.03631423388538118,84.124523999904
1790037922.3326216,0.03631423388538118,84.124523999904
1790037922.431102,0.03631423388538118,84.124523999904
1790037922.5316656,0.03631423388538118,84.124523999904
1790037922.6468625,0.03631423388538118,84.124523999904
1790037922.73185,0.03631423388538118,84.11339199977391
1790037922.828365,0.03631423388538118,84.11339199977391
1790037922.931048,0.03631423388538118,84.11339199977391
1790037923.0317757,0.03631423388538118,84.11339199977391
1790037923.1338644,0.03631423388538118,84.11339199977391
1790037923.2295866,0.03631423388538118,84.11339199977391
1790037923.3276398,0.03631423388538118,84.11339199977391
1790037923.4318843,0.03631423388538118,84.11339199977391
1790037923.5316458,0.03631423388538118,84.11339199977391
1790037923.6460106,0.03631423388538118,84.11339199977391
1790037923.7296507,0.03631423388538118,84.11339199977391
1790037923.8329413,0.03631423388538118,84.11339199977391
1790037923.9307375,0.03631423388538118,84.11339199977391
1790037924.0315225,0.03631423388538118,84.11339199977391
1790037924.1440158,0.03631423388538118,84.11339199977391
1790037924.2329054,0.03631423388538118,84.11339199977391
1790037924.3324125,0.03631423388538118,84.11339199977391
1790037924.432811,0.03631423388538118,84.11339199977391
1790037924.5327132,0.03631423388538118,84.11339199977391
1790037924.6480277,0.03631423388538118,84.11339199977391
1790037924.7322023,0.03631423388538118,84.11339199977391
1790037924.832504,0.03631423388538118,84.11339199977391
1790037924.932218,0.03631423388538118,84.11339199977391
1790037925.0320077,0.03631423388538118,84.11339199977391
1790037925.15199,0.027235675414035883,84.11339199977391
1790037925.2282386,0.027235675414035883,84.11339199977391
1790037925.3279676,0.027235675414035883,84.11339199977391
1790037925.4278803,0.027235675414035883,84.11339199977391
1790037925.5327342,0.027235675414035883,84.11339199977391
1790037925.640848,0.027235675414035883,84.11339199977391
1790037925.729468,0.027235675414035883,84.11339199977391
1790037925.8286395,0.027235675414035883,84.11339199977391
1790037925.9298074,0.027235675414035883,84.11339199977391
1790037926.030016,0.027235675414035883,84.1022600004348
1790037926.1429253,0.027235675414035883,84.1022600004348
1790037926.2305665,0.027235675414035883,84.1022600004348
1790037926.3307166,0.027235675414035883,84.1022600004348
1790037926.4319582,0.027235675414035883,84.1022600004348
1790037926.533219,0.027235675414035883,84.1022600004348
1790037926.6459844,0.027235675414035883,84.1022600004348
1790037926.7330208,0.027235675414035883,84.1022600004348
1790037926.8327134,0.027235675414035883,84.1022600004348
1790037926.9319098,0.027235675414035883,84.1022600004348
1790037927.3248856,0.027235675414035883,84.1022600004348
1790037927.3930702,0.027235675414035883,84.1022600004348
1790037927.429266,0.027235675414035883,84.1022600004348
1790037927.529058,0.027235675414035883,84.1022600004348
1790037927.6479464,0.027235675414035883,84.1022600004348
1790037927.7313852,0.027235675414035883,84.1022600004348
1790037927.831567,0.027235675414035883,84.1022600004348
1790037927.9311547,0.027235675414035883,84.1022600004348
1790037928.031135,0.027235675414035883,84.1022600004348
1790037928.146036,0.027235675414035883,84.1022600004348
1790037928.2295902,0.027235675414035883,84.1022600004348
1790037928.3291943,0.027235675414035883,84.1022600004348
1790037928.428739,0.027235675414035883,84.1022600004348
1790037928.5284808,0.027235675414035883,84.1022600004348
1790037928.6484902,0.027235675414035883,84.1022600004348
1790037928.729853,0.027235675414035883,84.1022600004348
1790037928.8301373,0.027235675414035883,84.1022600004348
1790037928.9309397,0.027235675414035883,84.1022600004348
1790037929.0259998,0.027235675414035883,84.1022600004348
1790037929.1455922,0.027235675414035883,84.1022600004348
1790037929.2293084,0.027235675414035883,84.1022600004348
1790037929.3288412,0.027235675414035883,84.1022600004348
1790037929.428929,0.027235675414035883,84.1022600004348
1790037929.5282772,0.027235675414035883,84.1022600004348
1790037929.6506476,0.027235675414035883,84.1022600004348
1790037929.7297244,0.027235675414035883,84.1022600004348
1790037929.8305864,0.027235675414035883,84.1022600004348
1790037929.9317188,0.027235675414035883,84.1022600004348
1790037930.031679,0.027235675414035883,84.1022600004348
1790037930.1467316,0.027235675414035883,84.1022600004348
1790037930.231694,0.027235675414035883,84.1022600004348
1790037930.3273592,0.027235675414035883,84.1022600004348
1790037930.428074,0.027235675414035883,84.1022600004348
1790037930.5268252,0.027235675414035883,84.1022600004348
1790037930.6455698,0.027235675414035883,84.1022600004348
1790037930.729143,0.027235675414035883,84.1022600004348
1790037930.827008,0.027235675414035883,84.1022600004348
1790037930.9280186,0.027235675414035883,84.1022600004348
1790037931.027454,0.027235675414035883,84.1022600004348
1790037931.1477668,0.027235675414035883,84.0911280003047
1790037931.228017,0.027235675414035883,84.0911280003047
1790037931.327983,0.027235675414035883,84.0911280003047
1790037931.4279747,0.027235675414035883,84.0911280003047
1790037931.5287018,0.027235675414035883,84.0911280003047
1790037931.661631,0.027235675414035883,84.0911280003047
1790037931.7295344,0.027235675414035883,84.0911280003047
1790037931.8309298,0.027235675414035883,84.0911280003047
1790037931.9272115,0.027235675414035883,84.0911280003047
1790037932.0274048,0.027235675414035883,84.0911280003047
1790037932.1474986,0.027235675414035883,84.0911280003047
1790037932.228739,0.027235675414035883,84.0911280003047
1790037932.3296075,0.027235675414035883,84.0911280003047
1790037932.429049,0.027235675414035883,84.0911280003047
1790037932.5296395,0.027235675414035883,84.0911280003047
1790037932.6427193,0.027235675414035883,84.0911280003047
1790037932.731409,0.027235675414035883,84.0911280003047
1790037932.832184,0.027235675414035883,84.0911280003047
1790037932.9286044,0.027235675414035883,84.0911280003047
1790037933.0274146,0.027235675414035883,84.0911280003047
1790037933.14761,0.03631423388538118,84.0911280003047
1790037933.2270205,0.03631423388538118,84.0911280003047
1790037933.3270848,0.03631423388538118,84.0911280003047
1790037933.4274926,0.03631423388538118,84.0911280003047
1790037933.527929,0.03631423388538118,84.0911280003047
1790037933.647985,0.03631423388538118,84.0911280003047
1790037933.7305918,0.03631423388538118,84.0911280003047
1790037933.8293896,0.03631423388538118,84.0911280003047
1790037933.927435,0.03631423388538118,84.0911280003047
1790037934.0294905,0.03631423388538118,84.0911280003047
1790037934.144858,0.03631423388538118,84.0911280003047
1790037934.2321253,0.03631423388538118,84.0911280003047
1790037934.3321064,0.03631423388538118,84.0911280003047
1790037934.432087,0.03631423388538118,84.0911280003047
1790037934.532647,0.03631423388538118,84.0911280003047
1790037934.6439836,0.03631423388538118,84.0911280003047
1790037934.731965,0.03631423388538118,84.0911280003047
1790037934.8313336,0.03631423388538118,84.0911280003047
1790037934.9312673,0.027235675414035883,84.0911280003047
1790037935.0296822,0.027235675414035883,84.0911280003047
1790037935.148989,0.027235675414035883,84.0911280003047
1790037935.2307858,0.027235675414035883,84.0911280003047
1790037935.3309174,0.027235675414035883,84.0911280003047
1790037935.4311223,0.027235675414035883,84.0911280003047
1790037935.5275383,0.027235675414035883,84.0911280003047
1790037935.6499946,0.027235675414035883,84.0911280003047
1790037935.729745,0.027235675414035883,84.0911280003047
1790037935.83005,0.027235675414035883,84.0911280003047
1790037935.9282107,0.027235675414035883,84.0911280003047
1790037936.0281618,0.027235675414035883,84.0911280003047
1790037936.1460848,0.027235675414035883,84.0911280003047
1790037936.2279828,0.027235675414035883,84.0911280003047
1790037936.3282878,0.027235675414035883,84.0911280003047
1790037936.428557,0.027235675414035883,84.0911280003047
1790037936.5277712,0.027235675414035883,84.0911280003047
1790037936.6507008,0.027235675414035883,84.0911280003047
1790037936.7317228,0.027235675414035883,84.0911280003047
1790037936.831095,0.027235675414035883,84.0911280003047
1790037936.9308395,0.027235675414035883,84.0911280003047
1790037937.0303626,0.027235675414035883,84.0911280003047
1790037937.152315,0.027235675414035883,84.0911280003047
1790037937.231383,0.027235675414035883,84.0911280003047
1790037937.3312774,0.027235675414035883,84.0911280003047
1790037937.4313216,0.027235675414035883,84.0911280003047
1790037937.5314736,0.027235675414035883,84.0911280003047
1790037937.6504748,0.027235675414035883,84.0911280003047
1790037937.7283316,0.027235675414035883,84.0911280003047
1790037937.829317,0.027235675414035883,84.0911280003047
1790037937.9272833,0.027235675414035883,84.0911280003047
1790037938.0287793,0.027235675414035883,84.0911280003047
1790037938.1442063,0.027235675414035883,84.0911280003047
1790037938.2311246,0.027235675414035883,84.0911280003047
1790037938.330561,0.027235675414035883,84.0911280003047
1790037938.4307778,0.027235675414035883,84.0911280003047
1790037938.530025,0.027235675414035883,84.0911280003047
1790037938.6409624,0.027235675414035883,84.0911280003047
1790037938.7312376,0.027235675414035883,84.0911280003047
1790037938.8302543,0.027235675414035883,84.0911280003047
1790037938.9299378,0.027235675414035883,84.0911280003047
1790037939.028621,0.027235675414035883,84.0911280003047
1790037939.1483684,0.027235675414035883,84.0911280003047
1790037939.2299223,0.027235675414035883,84.0911280003047
1790037939.3298664,0.027235675414035883,84.0911280003047
1790037939.4294326,0.027235675414035883,84.0911280003047
1790037939.5289807,0.027235675414035883,84.0911280003047
1790037939.6499128,0.027235675414035883,84.0911280003047
1790037939.731846,0.027235675414035883,84.0911280003047
1790037939.8306804,0.027235675414035883,84.0911280003047
1790037939.9303217,0.027235675414035883,84.0911280003047
1790037940.0295396,0.027235675414035883,84.0911280003047
1790037940.1495788,0.027235675414035883,84.0911280003047
1790037940.2292168,0.027235675414035883,84.0911280003047
1790037940.3303776,0.027235675414035883,84.0911280003047
1790037940.4304004,0.027235675414035883,84.0911280003047
1790037940.530586,0.027235675414035883,84.0911280003047
1790037940.648951,0.027235675414035883,84.0911280003047
1790037940.7317016,0.027235675414035883,84.0911280003047
1790037940.831887,0.027235675414035883,84.0911280003047
1790037940.9324365,0.027235675414035883,84.0911280003047
1790037941.032408,0.027235675414035883,84.0911280003047
1790037941.1454394,0.027235675414035883,84.0911280003047
1790037941.2337484,0.027235675414035883,84.0911280003047
1790037941.328493,0.027235675414035883,84.0911280003047
1790037941.4287715,0.027235675414035883,84.0911280003047
1790037941.5285618,0.027235675414035883,84.0911280003047
1790037941.6480937,0.027235675414035883,84.0911280003047
1790037941.731603,0.027235675414035883,84.0911280003047
1790037941.831052,0.027235675414035883,84.0911280003047
1790037941.929479,0.03631423388538118,84.0911280003047
1790037942.3285866,0.03631423388538118,84.0911280003047
1790037942.398134,0.03631423388538118,84.0911280003047
1790037942.435522,0.03631423388538118,84.0911280003047
1790037942.536788,0.03631423388538118,84.0911280003047
1790037942.644351,0.03631423388538118,84.0911280003047
1790037942.7333028,0.03631423388538118,84.0911280003047
1790037942.83336,0.03631423388538118,84.0911280003047
1790037942.9321258,0.03631423388538118,84.0911280003047
1790037943.032498,0.03631423388538118,84.0911280003047
1790037943.1428344,0.03631423388538118,84.0911280003047
1790037943.2329502,0.03631423388538118,84.0911280003047
1790037943.3332324,0.03631423388538118,84.0911280003047
1790037943.432958,0.03631423388538118,84.0911280003047
1790037943.5332372,0.03631423388538118,84.0911280003047
1790037943.6432805,0.03631423388538118,84.0911280003047
1790037943.7344782,0.03631423388538118,84.0911280003047
1790037943.8352196,0.03631423388538118,84.0911280003047
1790037943.9359126,0.03631423388538118,84.0911280003047
1790037944.0352397,0.03631423388538118,84.0911280003047
1790037944.152476,0.03631423388538118,84.0911280003047
1790037944.2334073,0.03631423388538118,84.0911280003047
1790037944.3317835,0.03631423388538118,84.0911280003047
1790037944.4352286,0.03631423388538118,84.0911280003047
1790037944.5350518,0.03631423388538118,84.0911280003047
1790037944.6514082,0.03631423388538118,84.0911280003047
1790037944.7372344,0.03631423388538118,84.0911280003047
1790037944.8372402,0.03631423388538118,84.0911280003047
1790037944.9369657,0.03631423388538118,84.0911280003047
1790037945.036934,0.03631423388538118,84.0911280003047
1790037945.1434803,0.03631423388538118,84.0911280003047
1790037945.2321088,0.04539279493700813,84.0911280003047
1790037945.332482,0.04539279493700813,84.0911280003047
1790037945.4320276,0.04539279493700813,84.0911280003047
1790037945.5329857,0.04539279493700813,84.0911280003047
1790037945.6480398,0.04539279493700813,84.0911280003047
1790037945.7362845,0.04539279493700813,84.0911280003047
1790037945.836639,0.04539279493700813,84.0911280003047
1790037945.9368997,0.04539279493700813,84.0911280003047
1790037946.0361638,0.04539279493700813,84.0911280003047
1790037946.149551,0.04539279493700813,84.0911280003047
1790037946.2352254,0.04539279493700813,84.0911280003047
1790037946.335423,0.04539279493700813,84.0911280003047
1790037946.4360745,0.04539279493700813,84.0911280003047
1790037946.5370593,0.04539279493700813,84.0911280003047
1790037946.6444802,0.04539279493700813,84.0911280003047
1790037946.7327018,0.04539279493700813,84.0911280003047
1790037946.833217,0.04539279493700813,84.0911280003047
1790037946.9339955,0.04539279493700813,84.0911280003047
1790037947.0348938,0.04539279493700813,84.0911280003047
1790037947.1518054,0.04539279493700813,84.0911280003047
1790037947.2373471,0.04539279493700813,84.0911280003047
1790037947.337288,0.04539279493700813,84.0911280003047
1790037947.4374409,0.04539279493700813,84.0911280003047
1790037947.532446,0.04539279493700813,84.0911280003047
1790037947.6516068,0.04539279493700813,84.0911280003047
1790037947.7351356,0.04539279493700813,84.0911280003047
1790037947.835374,0.04539279493700813,84.0911280003047
1790037947.9358892,0.04539279493700813,84.0911280003047
1790037948.0359216,0.04539279493700813,84.0911280003047
1790037948.1537762,0.04539279493700813,84.0911280003047
1790037948.2322888,0.04539279493700813,84.0911280003047
1790037948.332164,0.04539279493700813,84.0911280003047
1790037948.4321616,0.04539279493700813,84.0911280003047
1790037948.5378058,0.04539279493700813,84.0911280003047
1790037948.6437447,0.04539279493700813,84.0911280003047
1790037948.7345552,0.04539279493700813,84.0911280003047
1790037948.8347044,0.04539279493700813,84.0911280003047
1790037948.935603,0.04539279493700813,84.0911280003047
1790037949.035706,0.04539279493700813,84.0911280003047
1790037949.146545,0.04539279493700813,84.0911280003047
1790037949.235844,0.04539279493700813,84.0911280003047
1790037949.3340957,0.04539279493700813,84.0911280003047
1790037949.4344444,0.04539279493700813,84.0911280003047
1790037949.535333,0.04539279493700813,84.0911280003047
1790037949.649542,0.04539279493700813,84.0911280003047
1790037949.736369,0.04539279493700813,84.0911280003047
1790037949.8341105,0.04539279493700813,84.0911280003047
1790037949.9378066,0.04539279493700813,84.0911280003047
1790037950.0335522,0.04539279493700813,84.0911280003047
1790037950.152432,0.04539279493700813,84.0911280003047
1790037950.237675,0.04539279493700813,84.0911280003047
1790037950.334617,0.04539279493700813,84.0911280003047
1790037950.4338088,0.04539279493700813,84.0911280003047
1790037950.533004,0.04539279493700813,84.0911280003047
1790037950.63761,0.04539279493700813,84.0911280003047
1790037950.7369874,0.04539279493700813,84.0911280003047
1790037950.836045,0.04539279493700813,84.0911280003047
1790037950.9352293,0.04539279493700813,84.0911280003047
1790037951.0345705,0.04539279493700813,84.0911280003047
1790037951.1387022,0.04539279493700813,84.0911280003047
