t,true_x_m,true_y_m,spoofed_x_m,spoofed_y_m,is_spoofed
1790035351.0892425,0.0,0.0,0.0,0.0,0
1790035351.0930889,0.0,0.0,0.0,0.0,0
1790035351.1920943,0.0,0.0,0.0,0.0,0
1790035351.291295,0.0,0.0,0.0,0.0,0
1790035351.3905492,0.0,0.0,0.0,0.0,0
1790035351.495113,0.0,0.0,0.0,0.0,0
1790035351.594328,0.0,0.0,0.0,0.0,0
1790035351.6936014,0.0,0.0,0.0,0.0,0
1790035351.792723,0.0,0.0,0.0,0.0,0
1790035351.8919504,0.0,0.0,0.0,0.0,0
1790035351.9910252,0.0,0.0,0.0,0.0,0
1790035352.0956514,0.0,0.0,0.0,0.0,0
1790035352.195015,0.0,0.0,0.0,0.0,0
1790035352.294101,0.0,0.0,0.0,0.0,0
1790035352.3940427,0.0,0.0,0.0,0.0,0
1790035352.4954855,0.0,0.0,0.0,0.0,0
1790035352.5953724,0.0,0.0,0.0,0.0,0
1790035352.6955297,0.0,0.0,0.0,0.0,0
1790035352.7962348,0.0,0.0,0.0,0.0,0
1790035352.8919568,0.0,0.0,0.0,0.0,0
1790035352.9954152,0.0,0.0,0.0,0.0,0
1790035353.0947747,0.0,0.0,0.0,0.0,0
1790035353.1938305,0.0,0.0,0.0,0.0,0
1790035353.29379,0.0,0.0,0.0,0.0,0
1790035353.392933,0.0,0.0,0.0,0.0,0
1790035353.4921217,0.0,0.0,0.0,0.0,0
1790035353.5913606,0.0,0.0,0.0,0.0,0
1790035353.6908278,0.0,0.0,0.0,0.0,0
1790035353.7905135,0.0,0.0,0.0,0.0,0
1790035353.8949535,0.0,0.0,0.0,0.0,0
1790035353.9942603,0.0,0.0,0.0,0.0,0
1790035354.0934916,0.0,0.0,0.0,0.0,0
1790035354.1927242,0.0,0.0,0.0,0.0,0
1790035354.2918808,0.0,0.0,0.0,0.0,0
1790035354.391016,0.0,0.0,0.0,0.0,0
1790035354.49109,0.0,0.0,0.0,0.0,0
1790035354.5957673,0.0,0.0,0.0,0.0,0
1790035354.6950006,0.0,0.0,0.0,0.0,0
1790035354.7941346,0.0,0.0,0.0,0.0,0
1790035354.8942351,0.0,0.0,0.0,0.0,0
1790035354.9932396,0.0,0.0,0.0,0.0,0
1790035355.0923522,0.0,0.0,0.0,0.0,0
1790035355.1915703,0.0,0.0,0.0,0.0,0
1790035355.2907443,0.0,0.0,0.0,0.0,0
1790035355.395363,0.0,0.0,0.0,0.0,0
1790035355.494603,0.0,0.0,0.0,0.0,0
1790035355.5938804,0.0,0.0,0.0,0.0,0
1790035355.6929572,0.0,0.0,0.0,0.0,0
1790035355.7922106,0.0,0.0,0.0,0.0,0
1790035355.891215,0.0,0.0,0.0,0.0,0
1790035355.9960427,0.0,0.0,0.0,0.0,0
1790035356.0954528,0.0,0.0,0.0,0.0,0
1790035356.194514,0.0,0.0,0.0,0.0,0
1790035356.294508,0.0,0.0,0.0,0.0,0
1790035356.3942878,0.0,0.0,0.0,0.0,0
1790035356.4934456,0.0,0.0,0.0,0.0,0
1790035356.592917,0.0,0.0,0.0,0.0,0
1790035356.6919165,0.0,0.0,0.0,0.0,0
1790035356.791078,0.0,0.0,0.0,0.0,0
1790035356.8956034,0.0,0.0,0.0,0.0,0
1790035356.994953,0.0,0.0,0.0,0.0,0
1790035357.0941284,0.0,0.0,0.0,0.0,0
1790035357.1933143,0.0,0.0,0.0,0.0,0
1790035357.2924695,0.0,0.0,0.0,0.0,0
1790035357.3917017,0.0,0.0,0.0,0.0,0
1790035357.4910576,0.0,0.0,0.0,0.0,0
1790035357.5954564,0.0,0.0,0.0,0.0,0
1790035357.6949415,0.0,0.0,0.0,0.0,0
1790035357.7939134,0.0,0.0,0.0,0.0,0
1790035357.892949,0.0,0.0,0.0,0.0,0
1790035357.9924395,0.0,0.0,0.0,0.0,0
1790035358.091536,0.0,0.0,0.0,0.0,0
1790035358.196124,0.0,0.0,0.0,0.0,0
1790035358.2953072,0.0,0.0,0.0,0.0,0
1790035358.394521,0.0,0.0,0.0,0.0,0
1790035358.493713,0.0,0.0,0.0,0.0,0
1790035358.5930977,0.0,0.0,0.0,0.0,0
1790035358.692705,0.0,0.0,0.0,0.0,0
1790035358.7912672,0.0,0.0,0.0,0.0,0
1790035358.8958528,0.0,0.0,0.0,0.0,0
1790035358.9953454,0.0,0.0,0.0,0.0,0
1790035359.0922172,0.0,0.0,0.0,0.0,0
1790035359.1957006,0.0,0.0,0.0,0.0,0
1790035359.2913806,0.0,0.0,0.0,0.0,0
1790035359.3911676,0.0,0.0,0.0,0.0,0
1790035359.4956982,0.0,0.0,0.0,0.0,0
1790035359.5951068,0.0,0.0,0.0,0.0,0
1790035359.6941977,0.0,0.0,0.0,0.0,0
1790035359.793344,0.0,0.0,0.0,0.0,0
1790035359.8928,0.0,0.0,0.0,0.0,0
1790035359.9917135,0.0,0.0,0.0,0.0,0
1790035360.0964715,0.0,0.0,0.0,0.0,0
1790035360.1956222,0.0,0.0,0.0,0.0,0
1790035360.296362,0.0,0.0,0.0,0.0,0
1790035360.3955758,0.0,0.0,0.0,0.0,0
1790035360.494708,0.0,0.0,0.0,0.0,0
1790035360.594041,0.0,0.0,0.0,0.0,0
1790035360.6932194,0.0,0.0,0.0,0.0,0
1790035360.7923045,0.0,0.0,0.0,0.0,0
1790035360.8919983,0.0,0.0,0.0,0.0,0
1790035360.9962564,0.0,0.0,0.0,0.0,0
1790035361.0958302,0.0,0.0,0.0,0.0,0
1790035361.1945696,0.0,0.0,0.0,0.0,0
1790035361.293693,0.0,0.0,0.0,0.0,0
1790035361.3929017,0.0,0.0,0.0,0.0,0
1790035361.4921184,0.0,0.0,0.0,0.0,0
1790035361.5918107,0.0,0.0,0.0,0.0,0
1790035361.6959136,0.0,0.0,0.0,0.0,0
1790035361.7951696,0.0,0.0,0.0,0.0,0
1790035361.8942237,0.0,0.0,0.0,0.0,0
1790035362.3665447,0.0,0.0,0.0,0.0,0
1790035362.3691003,0.0,0.0,0.0,0.0,0
1790035362.4665968,0.0,0.0,0.0,0.0,0
1790035362.5659986,0.0,0.0,0.0,0.0,0
1790035362.6651845,0.0,0.0,0.0,0.0,0
1790035362.7695336,0.0,0.0,0.0,0.0,0
1790035362.869014,0.0,0.0,0.0,0.0,0
1790035362.9679053,0.0,0.0,0.0,0.0,0
1790035363.0674365,0.0,0.0111319993391134,0.0,0.0111319993391134,0
1790035363.1665804,0.0,0.0111319993391134,0.0,0.0111319993391134,0
1790035363.2652805,0.0,0.0111319993391134,0.0,0.0111319993391134,0
1790035363.365014,0.0,0.0111319993391134,0.0,0.0111319993391134,0
1790035363.4690094,0.0,0.0111319993391134,0.0,0.0111319993391134,0
1790035363.568962,0.0,0.0222639994692031,0.0,0.0222639994692031,0
1790035363.667927,0.0,0.0222639994692031,0.0,0.0222639994692031,0
1790035363.7669384,0.0,0.0222639994692031,0.0,0.0222639994692031,0
1790035363.8662543,0.0,0.0222639994692031,0.0,0.0222639994692031,0
1790035363.9667966,0.0,0.0222639994692031,0.0,0.0222639994692031,0
1790035364.0647843,0.0,0.0222639994692031,0.0,0.0222639994692031,0
1790035364.1693704,0.0,0.0222639994692031,0.0,0.0222639994692031,0
1790035364.2686715,0.0,0.0222639994692031,0.0,0.0222639994692031,0
1790035364.3674347,0.0,0.0222639994692031,0.0,0.0222639994692031,0
1790035364.4670072,0.0,0.0222639994692031,0.0,0.0222639994692031,0
1790035364.5668733,0.0,0.0222639994692031,0.0,0.0222639994692031,0
1790035364.6659062,0.0,0.0222639994692031,0.0,0.0222639994692031,0
1790035364.7650678,0.0,0.0222639994692031,0.0,0.0222639994692031,0
1790035364.869877,0.0,0.0222639994692031,0.0,0.0222639994692031,0
1790035364.9693358,0.0,0.0222639994692031,0.0,0.0222639994692031,0
1790035365.0683415,0.0,0.0222639994692031,0.0,0.0222639994692031,0
1790035365.1675138,0.0,0.0222639994692031,0.0,0.0222639994692031,0
1790035365.2668593,0.0,0.0222639994692031,0.0,0.0222639994692031,0
1790035365.3668993,0.0,0.0222639994692031,0.0,0.0222639994692031,0
1790035365.4660654,0.0,0.0222639994692031,0.0,0.0222639994692031,0
1790035365.5651958,0.0,0.0222639994692031,0.0,0.0222639994692031,0
1790035365.669778,0.0,0.0222639994692031,0.0,0.0222639994692031,0
1790035365.769533,0.0,0.0222639994692031,0.0,0.0222639994692031,0
1790035365.8679316,0.0,0.0222639994692031,0.0,0.0222639994692031,0
1790035365.9679227,0.0,0.0222639994692031,0.0,0.0222639994692031,0
1790035366.067421,0.0,0.0222639994692031,0.0,0.0222639994692031,0
1790035366.167677,0.0,0.0222639994692031,0.0,0.0222639994692031,0
1790035366.26749,0.0,0.0222639994692031,0.0,0.0222639994692031,0
1790035366.367154,0.0,0.0222639994692031,0.0,0.0222639994692031,0
1790035366.4656932,0.0,0.0222639994692031,0.0,0.0222639994692031,0
1790035366.5702825,0.0,0.0222639994692031,0.0,0.0222639994692031,0
1790035366.6695356,0.0,0.0222639994692031,0.0,0.0222639994692031,0
1790035366.7684543,0.0,0.0222639994692031,0.0,0.0222639994692031,0
1790035366.8674943,0.0,0.0222639994692031,0.0,0.0222639994692031,0
1790035366.9671545,0.0,0.0222639994692031,0.0,0.0222639994692031,0
1790035367.0664332,0.0,0.0222639994692031,0.0,0.0222639994692031,0
1790035367.1652205,0.0,0.0222639994692031,0.0,0.0222639994692031,0
1790035367.2699668,0.0,0.0222639994692031,0.0,0.0222639994692031,0
1790035367.3693056,0.0,0.0222639994692031,0.0,0.0222639994692031,0
1790035367.4682224,0.0,0.0222639994692031,0.0,0.0222639994692031,0
1790035367.567858,0.0,0.0222639994692031,0.0,0.0222639994692031,0
1790035367.6666744,0.0,0.0222639994692031,0.0,0.0222639994692031,0
1790035367.767974,0.0,0.0222639994692031,0.0,0.0222639994692031,0
1790035367.866767,0.0,0.0111319993391134,0.0,0.0111319993391134,0
1790035367.9678338,0.0,0.0111319993391134,0.0,0.0111319993391134,0
1790035368.0659022,0.0,0.0111319993391134,0.0,0.0111319993391134,0
1790035368.167336,0.0,0.0111319993391134,0.0,0.0111319993391134,0
1790035368.2647867,0.0,0.0111319993391134,0.0,0.0111319993391134,0
1790035368.3647654,0.0,0.0111319993391134,0.0,0.0111319993391134,0
1790035368.4705758,0.0,0.0111319993391134,0.0,0.0111319993391134,0
1790035368.5688453,0.0,0.0111319993391134,0.0,0.0111319993391134,0
1790035368.6678743,0.0,0.0111319993391134,0.0,0.0111319993391134,0
1790035368.766994,0.0,0.0111319993391134,0.0,0.0111319993391134,0
1790035368.866222,0.0,0.0111319993391134,0.0,0.0111319993391134,0
1790035368.965421,0.0,0.0111319993391134,0.0,0.0111319993391134,0
1790035369.0704706,0.0,0.0111319993391134,0.0,0.0111319993391134,0
1790035369.1695373,0.0,0.0111319993391134,0.0,0.0111319993391134,0
1790035369.2684646,0.0,0.0111319993391134,0.0,0.0111319993391134,0
1790035369.3680327,0.0,0.0111319993391134,0.0,0.0111319993391134,0
1790035369.4671028,0.0,0.0111319993391134,0.0,0.0111319993391134,0
1790035369.5660892,0.0,0.0111319993391134,0.0,0.0111319993391134,0
1790035369.6656103,0.0,0.0111319993391134,0.0,0.0111319993391134,0
1790035369.7700696,0.0,0.0111319993391134,0.0,0.0111319993391134,0
1790035369.8691354,0.0,0.0111319993391134,0.0,0.0111319993391134,0
1790035369.969491,0.0,0.0111319993391134,0.0,0.0111319993391134,0
1790035370.066741,0.0,0.0111319993391134,0.0,0.0111319993391134,0
1790035370.1662197,0.0,0.0111319993391134,0.0,0.0111319993391134,0
1790035370.265028,0.0,0.0111319993391134,0.0,0.0111319993391134,0
1790035370.369624,0.0,0.0111319993391134,0.0,0.0111319993391134,0
1790035370.4690974,0.0,0.0111319993391134,0.0,0.0111319993391134,0
1790035370.567911,0.0,0.0111319993391134,0.0,0.0111319993391134,0
1790035370.6676643,0.0,0.0111319993391134,0.0,0.0111319993391134,0
1790035370.766706,0.0,0.0111319993391134,0.0,0.0111319993391134,0
1790035370.8662417,0.0,0.0111319993391134,0.0,0.0111319993391134,0
1790035370.9702563,0.0,0.0111319993391134,0.0,0.0111319993391134,0
1790035371.0696874,0.0,0.0111319993391134,0.0,0.0111319993391134,0
1790035371.1689675,0.0,0.0111319993391134,0.0,0.0111319993391134,0
1790035371.2680812,0.0,0.0111319993391134,0.0,0.0111319993391134,0
1790035371.368539,0.0,0.0111319993391134,0.0,0.0111319993391134,0
1790035371.468397,0.0,0.0111319993391134,0.0,0.0111319993391134,0
1790035371.5677063,0.0,0.0111319993391134,0.0,0.0111319993391134,0
1790035371.6671324,0.0,0.0111319993391134,0.0,0.0111319993391134,0
1790035371.7664769,0.0,0.0111319993391134,0.0,0.0111319993391134,0
1790035371.8655226,0.0,0.0111319993391134,0.0,0.0111319993391134,0
1790035371.9701562,0.0,0.0111319993391134,0.0,0.0111319993391134,0
1790035372.0698943,0.0,0.0111319993391134,0.0,0.0111319993391134,0
1790035372.1693685,0.0,0.0111319993391134,0.0,0.0111319993391134,0
1790035372.2695222,0.0,0.0111319993391134,0.0,0.0111319993391134,0
1790035372.3688586,0.0,0.0111319993391134,0.0,0.0111319993391134,0
1790035372.47429,0.0,0.0111319993391134,0.0,0.0111319993391134,0
1790035372.5700336,0.0,0.0111319993391134,0.0,0.0111319993391134,0
1790035372.6691334,0.0,0.0111319993391134,0.0,0.0111319993391134,0
1790035372.768581,0.0,0.0111319993391134,0.0,0.0111319993391134,0
1790035372.8675976,0.0,0.0111319993391134,0.0,0.0111319993391134,0
1790035372.9666843,0.0,0.0111319993391134,0.0,0.0111319993391134,0
1790035373.065915,0.0,0.0111319993391134,0.0,0.0111319993391134,0
1790035373.166386,0.0,0.0111319993391134,0.0,0.0111319993391134,0
1790035373.2662566,0.0,0.0111319993391134,0.0,0.0111319993391134,0
1790035373.3671253,0.0,0.0111319993391134,0.0,0.0111319993391134,0
1790035373.471572,0.0,0.0111319993391134,0.0,0.0111319993391134,0
1790035373.570251,0.0,0.0111319993391134,0.0,0.0111319993391134,0
1790035373.669984,0.0,0.0111319993391134,0.0,0.0111319993391134,0
1790035373.76803,0.0,0.0111319993391134,0.0,0.0111319993391134,0
1790035373.8672705,0.0,0.0111319993391134,0.0,0.0111319993391134,0
1790035373.967802,0.0,0.0111319993391134,0.0,0.0111319993391134,0
1790035374.0658038,0.0,0.0111319993391134,0.0,0.0111319993391134,0
1790035374.170402,0.0,0.0111319993391134,0.0,0.0111319993391134,0
1790035374.2693856,0.0,0.0111319993391134,0.0,0.0111319993391134,0
1790035374.3690057,0.0,0.0111319993391134,0.0,0.0111319993391134,0
1790035374.4723494,0.0,0.0111319993391134,0.0,0.0111319993391134,0
1790035374.5661812,0.0,0.0111319993391134,0.0,0.0111319993391134,0
1790035374.6709774,0.0,0.0111319993391134,0.0,0.0111319993391134,0
1790035374.7713554,0.0,0.0111319993391134,0.0,0.0111319993391134,0
1790035374.8703363,0.0,0.0111319993391134,0.0,0.0111319993391134,0
1790035374.9701488,0.0,0.0222639994692031,0.0,0.0222639994692031,0
1790035375.0687418,0.0,0.0222639994692031,0.0,0.0222639994692031,0
1790035375.1681926,0.0,0.0222639994692031,0.0,0.0222639994692031,0
1790035375.2664738,0.0,0.0222639994692031,0.0,0.0222639994692031,0
1790035375.367057,0.0,0.0222639994692031,0.0,0.0222639994692031,0
1790035375.4709363,0.0,0.0222639994692031,0.0,0.0222639994692031,0
1790035375.5701368,0.0,0.0222639994692031,0.0,0.0222639994692031,0
1790035375.669233,0.0,0.0222639994692031,0.0,0.0222639994692031,0
1790035375.768448,0.0,0.0222639994692031,0.0,0.0222639994692031,0
1790035375.8673544,0.0,0.0222639994692031,0.0,0.0222639994692031,0
1790035375.969283,0.0,0.0222639994692031,0.0,0.0222639994692031,0
1790035376.0662253,0.0,0.0222639994692031,0.0,0.0222639994692031,0
1790035376.170929,0.0,0.0222639994692031,0.0,0.0222639994692031,0
1790035376.2705617,0.0,0.0222639994692031,0.0,0.0222639994692031,0
1790035376.3659315,0.0,0.0222639994692031,0.0,0.0222639994692031,0
1790035376.4711466,0.0,0.0222639994692031,0.0,0.0222639994692031,0
1790035376.5702546,0.0,0.0222639994692031,0.0,0.0222639994692031,0
1790035376.669881,0.0,0.0222639994692031,0.0,0.0222639994692031,0
1790035376.7692614,0.0,0.0222639994692031,0.0,0.0222639994692031,0
1790035376.8682296,0.0,0.0222639994692031,0.0,0.0222639994692031,0
1790035377.3637848,0.0,0.0222639994692031,0.0,0.0222639994692031,0
1790035377.3686006,0.0,0.0222639994692031,0.0,0.0222639994692031,0
1790035377.4693086,0.0,0.0222639994692031,0.0,0.0222639994692031,0
1790035377.5678525,0.0,0.0222639994692031,0.0,0.0222639994692031,0
1790035377.667055,0.0,0.0222639994692031,0.0,0.0222639994692031,0
1790035377.7661424,0.0,0.0222639994692031,0.0,0.0222639994692031,0
1790035377.8710957,0.0,0.0222639994692031,0.0,0.0222639994692031,0
1790035377.9701092,0.0,0.0222639994692031,0.0,0.0222639994692031,0
1790035378.0692675,0.0,0.0222639994692031,0.0,0.0222639994692031,0
1790035378.1686387,0.0,0.0222639994692031,0.0,0.0222639994692031,0
1790035378.2673554,0.0,0.0222639994692031,0.0,0.0222639994692031,0
1790035378.3667803,0.0,0.0222639994692031,0.0,0.0222639994692031,0
1790035378.4686532,0.0,0.0222639994692031,0.0,0.0222639994692031,0
1790035378.5660777,0.0,0.0222639994692031,0.0,0.0222639994692031,0
1790035378.6708262,0.0,0.0222639994692031,0.0,0.0222639994692031,0
1790035378.7700825,0.0,0.0222639994692031,0.0,0.0222639994692031,0
1790035378.8689132,0.0,0.0222639994692031,0.0,0.0222639994692031,0
1790035378.9682837,0.0,0.0222639994692031,0.0,0.0222639994692031,0
1790035379.067462,0.0,0.0222639994692031,0.0,0.0222639994692031,0
1790035379.166588,0.0,0.0222639994692031,0.0,0.0222639994692031,0
1790035379.2705815,0.0,0.0222639994692031,0.0,0.0222639994692031,0
1790035379.369655,0.0,0.0222639994692031,0.0,0.0222639994692031,0
1790035379.4687216,0.0,0.0222639994692031,0.0,0.0222639994692031,0
1790035379.5690866,0.0,0.0222639994692031,0.0,0.0222639994692031,0
1790035379.6682012,0.0,0.0222639994692031,0.0,0.0222639994692031,0
1790035379.7668276,0.0,0.0222639994692031,0.0,0.0222639994692031,0
1790035379.866369,0.0,0.0222639994692031,0.0,0.0222639994692031,0
1790035379.9712458,0.0,0.0222639994692031,0.0,0.0222639994692031,0
1790035380.0710504,0.0,0.0222639994692031,0.0,0.0222639994692031,0
1790035380.170403,0.0,0.0222639994692031,0.0,0.0222639994692031,0
1790035380.2695515,0.0,0.0222639994692031,0.0,0.0222639994692031,0
1790035380.3684318,0.0,0.0222639994692031,0.0,0.0222639994692031,0
1790035380.467448,0.0090781498135831,0.0222639994692031,0.0090781498135831,0.0222639994692031,0
1790035380.566753,0.0272344520209148,0.0445279997293823,0.0272344520209148,0.0445279997293823,0
1790035380.6661549,0.0544689014616641,0.0779239993286751,0.0544689014616641,0.0779239993286751,0
1790035380.7706804,0.0998596531097451,0.1335839999791233,0.0998596531097451,0.1335839999791233,0
1790035380.8696065,0.172484856778741,0.2003759999686849,0.172484856778741,0.2003759999686849,0
1790035380.9691775,0.2632663600749031,0.2894319994274497,0.2632663600749031,0.2894319994274497,0
1790035381.068613,0.372204165578397,0.4007519999373699,0.372204165578397,0.4007519999373699,0
1790035381.1674726,0.499298270709057,0.5343359999164932,0.499298270709057,0.5343359999164932,0
1790035381.267061,0.6445486754668832,0.6790520000257061,0.6445486754668832,0.6790520000257061,0
1790035381.3703954,0.7988772300382926,0.8460319996041221,0.7988772300382926,0.8460319996041221,0
1790035381.4697533,0.9713620868170336,1.0241439993126278,0.9713620868170336,1.0241439993126278,0
1790035381.5689137,1.1438469435957748,1.2022559998121096,1.1438469435957748,1.2022559998121096,0
1790035381.669428,1.3344881025818476,1.391499999650705,1.3344881025818476,1.391499999650705,0
1790035381.768629,1.5160511091741715,1.5696119993592106,1.5160511091741715,1.5696119993592106,0
1790035381.8678958,1.7066922655800791,1.7699879993278955,1.7066922655800791,1.7699879993278955,0
1790035381.97318,1.897333424566152,1.959231999957467,1.897333424566152,1.959231999957467,0
1790035382.0671644,2.08797458097206,2.1484759997960623,2.08797458097206,2.1484759997960623,0
1790035382.1709273,2.287693889771715,2.3377199996346576,2.287693889771715,2.3377199996346576,0
1790035382.2706914,2.478335046177622,2.526963999473253,2.478335046177622,2.526963999473253,0
1790035382.369557,2.678054354977278,2.727339999441938,2.678054354977278,2.727339999441938,0
1790035382.4696202,2.8686955113831853,2.916583999280533,2.8686955113831853,2.916583999280533,0
1790035382.5692687,3.0684148201828414,3.1058279999101046,3.0684148201828414,3.1058279999101046,0
1790035382.66776,3.268134126402332,3.2950719997487,3.268134126402332,3.2950719997487,0
1790035382.7672503,3.4587752853884046,3.495447999717385,3.4587752853884046,3.495447999717385,0
1790035382.8667152,3.658494591607895,3.68469199955598,3.658494591607895,3.68469199955598,0
1790035382.971069,3.858213900407551,3.885067999524665,3.858213900407551,3.885067999524665,0
1790035383.0694308,4.057933206627041,4.07431199936326,4.057933206627041,4.07431199936326,0
1790035383.1695287,4.257652515426697,4.274687999331945,4.257652515426697,4.274687999331945,0
1790035383.2685144,4.457371824226353,4.463931999961517,4.457371824226353,4.463931999961517,0
1790035383.367738,4.657091130445844,4.664307999930202,4.657091130445844,4.664307999930202,0
1790035383.467336,4.8568104392455,4.864683999898887,4.8568104392455,4.864683999898887,0
1790035383.5676467,5.05652974546499,5.065059999867572,5.05652974546499,5.065059999867572,0
1790035383.6670897,5.256249054264646,5.2654359998362565,5.256249054264646,5.2654359998362565,0
1790035383.7688577,5.465046512877885,5.4658119998049415,5.465046512877885,5.4658119998049415,0
1790035383.8710363,5.664765819097375,5.666187999773626,5.664765819097375,5.666187999773626,0
1790035383.9711258,5.864485127897031,5.866563999742311,5.864485127897031,5.866563999742311,0
1790035384.066742,6.07328258651027,6.066939999710996,6.07328258651027,6.066939999710996,0
1790035384.1715257,6.27300189272976,6.278447999809771,6.27300189272976,6.278447999809771,0
1790035384.2705815,6.472721201529416,6.478823999778456,6.472721201529416,6.478823999778456,0
1790035384.3706007,6.681518660142656,6.679199999747141,6.681518660142656,6.679199999747141,0
1790035384.4702432,6.8812379663621455,6.879575999715826,6.8812379663621455,6.879575999715826,0
1790035384.5690002,7.0809572751618015,7.0910839998146,7.0809572751618015,7.0910839998146,0
1790035384.6682453,7.289754733775041,7.291459999783285,7.289754733775041,7.291459999783285,0
1790035384.7674298,7.489474039994531,7.49183599975197,7.489474039994531,7.49183599975197,0
1790035384.866461,7.689193348794187,7.703343999850745,7.689193348794187,7.703343999850745,0
1790035384.971426,7.897990807407426,7.90371999981943,7.897990807407426,7.90371999981943,0
1790035385.070295,8.097710113626917,8.104095999788115,8.097710113626917,8.104095999788115,0
1790035385.1695642,8.297429422426573,8.31560399988689,8.297429422426573,8.31560399988689,0
1790035385.2712953,8.497148731226229,8.515979999855574,8.497148731226229,8.515979999855574,0
1790035385.370994,8.696868037445718,8.716355999824259,8.696868037445718,8.716355999824259,0
1790035385.4671686,8.887509196431791,8.905599999662854,8.887509196431791,8.905599999662854,0
1790035385.570967,9.069072203024117,9.08371199937136,9.069072203024117,9.08371199937136,0
1790035385.6703846,9.232478907409108,9.250691999740752,9.232478907409108,9.250691999740752,0
1790035385.7693446,9.386807464560682,9.406539999980057,9.386807464560682,9.406539999980057,0
1790035385.8696723,9.522979719504926,9.551255999298291,9.522979719504926,9.551255999298291,0
1790035385.9689667,9.65915197444917,9.6737079999383,9.65915197444917,9.6737079999383,0
1790035386.0679824,9.777167929766248,9.796159999787337,9.777167929766248,9.796159999787337,0
1790035386.1667323,9.895183885083323,9.918611999636369,9.895183885083323,9.918611999636369,0
1790035386.271651,10.013199837820236,10.029931999355313,10.013199837820236,10.029931999355313,0
1790035386.371081,10.122137643323727,10.152383999995322,10.122137643323727,10.152383999995322,0
1790035386.4710133,10.231075446247056,10.252571999584177,10.231075446247056,10.252571999584177,0
1790035386.5685525,10.34001325175055,10.36389199930312,10.34001325175055,10.36389199930312,0
1790035386.6684856,10.44895105467388,10.47521199981304,10.44895105467388,10.47521199981304,0
1790035386.767485,10.548810710363789,10.586531999531983,10.548810710363789,10.586531999531983,0
1790035386.866996,10.657748513287116,10.686719999911816,10.657748513287116,10.686719999911816,0
1790035386.9714448,10.766686318790612,10.79803999963076,10.766686318790612,10.79803999963076,0
1790035387.0712688,10.866545971900356,10.89822800001059,10.866545971900356,10.89822800001059,0
1790035387.1700666,10.97548377740385,10.998415999599445,10.97548377740385,10.998415999599445,0
1790035387.2687893,11.075343430513596,11.098603999979275,11.075343430513596,11.098603999979275,0
1790035387.368428,11.17520308362334,11.20992399969822,11.17520308362334,11.20992399969822,0
1790035387.4677896,11.284140889126837,11.310111999287074,11.284140889126837,11.310111999287074,0
1790035387.57118,11.38400054223658,11.410299999666904,11.38400054223658,11.410299999666904,0
1790035387.6705208,11.483860195346326,11.510488000046736,11.483860195346326,11.510488000046736,0
1790035387.7697363,11.592798000849818,11.610675999635587,11.592798000849818,11.610675999635587,0
1790035387.8693416,11.692657653959564,11.71086400001542,11.692657653959564,11.71086400001542,0
1790035387.969169,11.792517307069309,11.811051999604274,11.792517307069309,11.811051999604274,0
1790035388.0678325,11.89237696275922,11.911239999984105,11.89237696275922,11.911239999984105,0
1790035388.1670818,11.992236615868965,12.01142799957296,11.992236615868965,12.01142799957296,0
1790035388.2723956,12.092096268978713,12.11161599995279,12.092096268978713,12.11161599995279,0
1790035388.37232,12.19195592466862,12.211803999541644,12.19195592466862,12.211803999541644,0
1790035388.471009,12.291815577778369,12.311991999921474,12.291815577778369,12.311991999921474,0
1790035388.5701294,12.391675230888112,12.412179999510329,12.391675230888112,12.412179999510329,0
1790035388.6693895,12.491534883997856,12.51236799989016,12.491534883997856,12.51236799989016,0
1790035388.768643,12.591394539687768,12.601423999348924,12.591394539687768,12.601423999348924,0
1790035388.8686974,12.68217604298393,12.701611999728756,12.68217604298393,12.701611999728756,0
1790035388.9677482,12.782035696093676,12.801799999317607,12.782035696093676,12.801799999317607,0
1790035389.070022,12.88189534920342,12.90198799969744,12.88189534920342,12.90198799969744,0
1790035389.1694126,12.98175500489333,13.002175999286294,12.98175500489333,13.002175999286294,0
1790035389.2724173,13.081614658003076,13.091231999536037,13.081614658003076,13.091231999536037,0
1790035389.3685064,13.172396161299238,13.191419999915864,13.172396161299238,13.191419999915864,0
1790035389.4676285,13.272255814408982,13.29160799950472,13.272255814408982,13.29160799950472,0
1790035389.57124,13.372115470098894,13.39179599988455,13.372115470098894,13.39179599988455,0
1790035389.6705987,13.471975123208638,13.491983999473405,13.471975123208638,13.491983999473405,0
1790035389.7697911,13.571834776318385,13.592171999853235,13.571834776318385,13.592171999853235,0
1790035389.8698645,13.662616279614546,13.681227999312,13.662616279614546,13.681227999312,0
1790035389.969154,13.762475935304456,13.78141599969183,13.762475935304456,13.78141599969183,0
1790035390.06847,13.862335588414204,13.881603999280683,13.862335588414204,13.881603999280683,0
1790035390.1674025,13.962195241523949,13.981791999660516,13.962195241523949,13.981791999660516,0
1790035390.2720115,14.052976744820109,14.081980000040346,14.052976744820109,14.081980000040346,0
1790035390.371374,14.15283640051002,14.17103599949911,14.15283640051002,14.17103599949911,0
1790035390.4702785,14.2345397539926,14.260091999748852,14.2345397539926,14.260091999748852,0
1790035390.5698018,14.316243104895014,14.338015999868505,14.316243104895014,14.338015999868505,0
1790035390.6688993,14.370712008936842,14.393675999727977,14.370712008936842,14.393675999727977,0
1790035390.7678442,14.425180910398506,14.449335999587449,14.425180910398506,14.449335999587449,0
1790035390.8671894,14.461493512233004,14.482731999977716,14.461493512233004,14.482731999977716,0
1790035390.9718494,14.47964981186017,14.50499599944692,14.47964981186017,14.50499599944692,0
1790035391.0708623,14.497806114067505,14.527259999707098,14.497806114067505,14.527259999707098,0
1790035391.170194,14.515962413694668,14.538391999837188,14.515962413694668,14.538391999837188,0
1790035391.269444,14.525040563508252,14.538391999837188,14.525040563508252,14.538391999837188,0
1790035391.3693583,14.525040563508252,14.549523999967278,14.525040563508252,14.549523999967278,0
1790035391.4679034,14.534118713321837,14.549523999967278,14.534118713321837,14.549523999967278,0
1790035391.5686026,14.534118713321837,14.560655999306393,14.534118713321837,14.560655999306393,0
1790035391.671425,14.534118713321837,14.560655999306393,14.534118713321837,14.560655999306393,0
1790035391.7715912,14.543196865715585,14.560655999306393,14.543196865715585,14.560655999306393,0
1790035391.8715997,14.543196865715585,14.560655999306393,14.543196865715585,14.560655999306393,0
1790035391.9771245,14.543196865715585,14.560655999306393,14.650986441945252,14.573463607997544,1
1790035392.3811214,14.543196865715585,14.57178799943648,15.070395055244994,14.961690802476936,1
1790035392.3896043,14.552275015529167,14.57178799943648,14.952737460169459,14.855392323920778,1
1790035392.4831123,14.552275015529167,14.57178799943648,15.148597968044069,14.96904995567843,1
1790035392.5822322,14.552275015529167,14.57178799943648,15.23879901409706,15.01043329687367,1
1790035392.687674,14.552275015529167,14.57178799943648,15.387256418496127,15.164549814276048,1
1790035392.7870698,14.552275015529167,14.57178799943648,15.4442923347183,15.25043555128545,1
1790035392.8853023,14.56135316534275,14.57178799943648,15.570005248169723,15.218721489837273,1
1790035392.984852,14.56135316534275,14.57178799943648,15.662922997735224,15.282261265963882,1
1790035393.0835562,14.56135316534275,14.57178799943648,15.785432371611128,15.39564631533615,1
1790035393.1833866,14.56135316534275,14.57178799943648,15.830398259068758,15.432808564195565,1
1790035393.288739,14.56135316534275,14.58291999956657,16.004328006480524,15.542773753619132,1
1790035393.3822403,14.56135316534275,14.58291999956657,16.01369471460639,15.597249741386905,1
1790035393.486291,14.56135316534275,14.58291999956657,16.16400651470552,15.70474581392649,1
1790035393.5855162,14.56135316534275,14.58291999956657,16.255564397779874,15.776310601693778,1
1790035393.6856709,14.56135316534275,14.58291999956657,16.44046039928433,15.803384409341719,1
1790035393.7847085,14.552275015529167,14.57178799943648,16.396040002418697,15.840051316545713,1
1790035393.8838537,14.552275015529167,14.57178799943648,16.549909076383276,16.005429370313575,1
1790035393.982932,14.552275015529167,14.58291999956657,16.610805077595646,15.986299786249186,1
1790035394.0865915,14.552275015529167,14.58291999956657,16.67717375254705,16.132185150666984,1
1790035394.1859462,14.552275015529167,14.58291999956657,16.853224491838915,16.19519827265948,1
1790035394.2852614,14.552275015529167,14.58291999956657,16.880411363889003,16.248006432511254,1
1790035394.385288,14.552275015529167,14.58291999956657,17.017845539743977,16.31618028228777,1
1790035394.4846416,14.552275015529167,14.58291999956657,17.153245486325083,16.384809857350852,1
1790035394.5835776,14.552275015529167,14.58291999956657,17.240872157121142,16.445105919060005,1
1790035394.6858096,14.552275015529167,14.58291999956657,17.321874690773335,16.54365680216736,1
1790035394.785298,14.552275015529167,14.58291999956657,17.332356376471132,16.564585938987033,1
1790035394.8829403,14.543196865715585,14.58291999956657,17.4685979378103,16.61583191403707,1
1790035394.986459,14.543196865715585,14.57178799943648,17.58011654766177,16.7826419531538,1
1790035395.084153,14.543196865715585,14.57178799943648,17.646613513710758,16.82355072199903,1
1790035395.182385,14.543196865715585,14.57178799943648,17.702321943595372,16.826004846611486,1
1790035395.2834408,14.543196865715585,14.57178799943648,17.89393922310964,16.94161612709767,1
1790035395.3890462,14.534118713321837,14.57178799943648,18.016092966068914,17.024659670194797,1
1790035395.4862924,14.534118713321837,14.57178799943648,18.058686662255774,17.02880845279669,1
1790035395.585519,14.534118713321837,14.57178799943648,18.216559827870956,17.11065775163014,1
1790035395.6857417,14.534118713321837,14.57178799943648,18.20839376264667,17.13254098472902,1
1790035395.785329,14.534118713321837,14.57178799943648,18.324098171069664,17.282608593698267,1
1790035395.884982,14.525040563508252,14.57178799943648,18.466071078267802,17.360865163187416,1
1790035395.9848602,14.525040563508252,14.57178799943648,18.53576555210366,17.403013130875117,1
1790035396.0834787,14.525040563508252,14.560655999306393,18.68534796643408,17.43636512163433,1
1790035396.1868224,14.525040563508252,14.560655999306393,18.7784922771324,17.489866782313435,1
1790035396.286228,14.525040563508252,14.560655999306393,18.835214711826,17.57229618626222,1
1790035396.386309,14.525040563508252,14.560655999306393,18.891953256280086,17.68461660624475,1
1790035396.48536,14.525040563508252,14.560655999306393,19.025640515226122,17.729068670755048,1
1790035396.585072,14.525040563508252,14.560655999306393,19.171163242687047,17.819401559789224,1
1790035396.6846344,14.525040563508252,14.560655999306393,19.2782632638122,17.860678707167498,1
1790035396.7839656,14.525040563508252,14.560655999306393,19.32146986094179,17.929985872764174,1
1790035396.882913,14.525040563508252,14.560655999306393,19.355531735727396,17.929720922235454,1
1790035396.9873867,14.525040563508252,14.560655999306393,19.47645918343118,18.02412251239615,1
1790035397.0864167,14.525040563508252,14.560655999306393,19.659927645269175,18.096872442686358,1
1790035397.1857126,14.525040563508252,14.560655999306393,19.718636888942065,18.27545232523305,1
1790035397.2867577,14.525040563508252,14.560655999306393,19.8190574095116,18.316915216616973,1
1790035397.3871295,14.525040563508252,14.560655999306393,19.88885347923077,18.338852665415963,1
1790035397.4867458,14.525040563508252,14.560655999306393,19.98595432475677,18.400737956866408,1
1790035397.5861444,14.525040563508252,14.560655999306393,20.17317792679778,18.399738832152686,1
1790035397.685694,14.525040563508252,14.560655999306393,20.250739145214897,18.56651075235128,1
1790035397.7858777,14.525040563508252,14.560655999306393,20.29778930936963,18.551276708520046,1
1790035397.8858302,14.525040563508252,14.560655999306393,20.42935479621566,18.665901416302376,1
1790035397.985803,14.525040563508252,14.560655999306393,20.535653565781974,18.762279058178287,1
1790035398.0854988,14.525040563508252,14.549523999967278,20.70210804071876,18.80670654745405,1
1790035398.1849787,14.525040563508252,14.549523999967278,20.668631231140623,18.896109311849735,1
1790035398.2845154,14.525040563508252,14.549523999967278,20.8286487275739,19.023615166303426,1
1790035398.3839495,14.525040563508252,14.549523999967278,20.957146467924336,19.04193903427842,1
1790035398.4879844,14.525040563508252,14.549523999967278,21.090820532058427,19.036263689700476,1
1790035398.5874825,14.525040563508252,14.549523999967278,21.083472631936232,19.117856718337197,1
1790035398.6865356,14.525040563508252,14.549523999967278,21.193337221344162,19.163528667556665,1
1790035398.785432,14.525040563508252,14.549523999967278,21.341798786410106,19.289321484898217,1
1790035398.884869,14.525040563508252,14.549523999967278,21.334245748932904,19.318095328690738,1
1790035398.9838126,14.525040563508252,14.549523999967278,21.520721452770097,19.478882583966858,1
1790035399.0828233,14.515962413694668,14.549523999967278,21.693129941789028,19.650817628326323,1
1790035399.185365,14.515962413694668,14.549523999967278,21.71481054604194,19.52622619220788,1
1790035399.2873647,14.515962413694668,14.549523999967278,21.687751734326376,19.659294261721683,1
1790035399.3871765,14.515962413694668,14.549523999967278,21.85182023411786,19.6938404562061,1
1790035399.486175,14.515962413694668,14.549523999967278,21.959176283125558,19.775708655169815,1
1790035399.5851572,14.515962413694668,14.549523999967278,22.1403777978848,19.85872918513255,1
1790035399.684517,14.515962413694668,14.549523999967278,22.176815936027488,19.867482563219692,1
1790035399.783627,14.515962413694668,14.549523999967278,22.198437045918304,19.96316653520113,1
1790035399.887344,14.515962413694668,14.538391999837188,22.38143390953425,20.13613387585201,1
1790035399.987007,14.515962413694668,14.538391999837188,22.48860376223067,20.165471586977077,1
1790035400.0860229,14.515962413694668,14.538391999837188,22.554456198798665,20.12523928279266,1
1790035400.1868474,14.515962413694668,14.538391999837188,22.630273947850863,20.217621901816948,1
1790035400.2859766,14.515962413694668,14.538391999837188,22.88239553676072,20.281043678999108,1
1790035400.385873,14.515962413694668,14.538391999837188,22.916092949100527,20.345724540711405,1
1790035400.48674,14.515962413694668,14.538391999837188,23.019897663102082,20.479544391924456,1
1790035400.5873103,14.515962413694668,14.538391999837188,23.06434586132682,20.527480354905034,1
1790035400.6866052,14.515962413694668,14.538391999837188,23.137043516704168,20.620165949769156,1
1790035400.7849672,14.515962413694668,14.538391999837188,23.24372181703681,20.604283780684444,1
1790035400.8841298,14.515962413694668,14.538391999837188,23.300049187093514,20.742446246890374,1
1790035400.9833567,14.515962413694668,14.538391999837188,23.5404389809312,20.810113521228782,1
1790035401.0879393,14.515962413694668,14.538391999837188,23.558355311533635,20.888388549851236,1
1790035401.1871953,14.515962413694668,14.538391999837188,23.727154259301784,20.953383477872386,1
1790035401.2868688,14.515962413694668,14.538391999837188,23.73928512165293,21.06633324002762,1
1790035401.3855429,14.515962413694668,14.538391999837188,23.878264173611115,21.155723142211176,1
1790035401.484658,14.515962413694668,14.538391999837188,23.963416510410102,21.085932016951396,1
1790035401.5836194,14.515962413694668,14.538391999837188,23.983124102422252,21.29781614558511,1
1790035401.683771,14.515962413694668,14.538391999837188,24.236162553767798,21.27522726360703,1
1790035401.7874355,14.515962413694668,14.538391999837188,24.232720420473203,21.428626950295474,1
1790035401.8869307,14.515962413694668,14.538391999837188,24.294329511168744,21.379300088508014,1
1790035401.986759,14.515962413694668,14.538391999837188,24.47997754645411,21.473017136929315,1
1790035402.085909,14.515962413694668,14.538391999837188,24.545017766991474,21.552819332896185,1
1790035402.1857886,14.515962413694668,14.538391999837188,24.660332621252593,21.70011197043609,1
1790035402.285452,14.515962413694668,14.538391999837188,24.745950372600877,21.73053221238869,1
1790035402.3843584,14.515962413694668,14.538391999837188,24.73613589294542,21.76397588971147,1
1790035402.483685,14.515962413694668,14.538391999837188,24.89411929979845,21.773836840774166,1
1790035402.5872543,14.515962413694668,14.538391999837188,24.994179969256123,21.88935719255861,1
1790035402.687176,14.515962413694668,14.538391999837188,25.18210399579077,21.908519010124785,1
1790035402.7863514,14.515962413694668,14.538391999837188,25.235328173567442,22.018891817959418,1
1790035402.8858,14.515962413694668,14.538391999837188,25.315169018149703,22.161687720762956,1
1790035402.9848652,14.515962413694668,14.538391999837188,25.4558379000715,22.24660556357514,1
1790035403.084113,14.515962413694668,14.538391999837188,25.518765585991332,22.213249893998835,1
1790035403.1833837,14.515962413694668,14.538391999837188,25.61287940388646,22.328499148374167,1
1790035403.288116,14.515962413694668,14.538391999837188,25.735851001265313,22.334241263283765,1
1790035403.3886316,14.515962413694668,14.538391999837188,25.83035189744231,22.46905614174356,1
1790035403.4830103,14.515962413694668,14.538391999837188,26.044473725914855,22.616447040637333,1
1790035403.588217,14.515962413694668,14.538391999837188,25.979354224069088,22.580648562134776,1
1790035403.687186,14.515962413694668,14.538391999837188,26.04612906490166,22.6336019111993,1
1790035403.7844896,14.515962413694668,14.538391999837188,26.230729175030376,22.790403225406877,1
1790035403.8844967,14.515962413694668,14.538391999837188,26.276799915372237,22.76623725212663,1
1790035403.9840927,14.515962413694668,14.538391999837188,26.303790799334738,22.859362396824412,1
1790035404.085807,14.515962413694668,14.538391999837188,26.45801797376162,22.911032882341278,1
1790035404.1845353,14.515962413694668,14.538391999837188,26.56434372395014,23.00074551513209,1
1790035404.283863,14.515962413694668,14.538391999837188,26.61793783041321,23.000472885070213,1
1790035404.3875945,14.515962413694668,14.538391999837188,26.914252745542164,23.080851478117992,1
1790035404.4869328,14.515962413694668,14.538391999837188,26.850598910036847,23.30544200856033,1
1790035404.5860865,14.515962413694668,14.538391999837188,27.148157950809896,23.223264711077668,1
1790035404.6859467,14.515962413694668,14.538391999837188,27.082652960368698,23.36765376328811,1
1790035404.7859948,14.515962413694668,14.538391999837188,27.285845782977063,23.370095387051204,1
1790035404.8851557,14.515962413694668,14.538391999837188,27.28462044268636,23.52655675319642,1
1790035404.9839158,14.515962413694668,14.538391999837188,27.41570211162221,23.536857849572623,1
1790035405.083385,14.515962413694668,14.538391999837188,27.485049123034496,23.55538467942078,1
1790035405.1881309,14.515962413694668,14.538391999837188,27.582794931266655,23.682905807211135,1
1790035405.2880943,14.515962413694668,14.538391999837188,27.70457440724106,23.73726281995733,1
1790035405.3877463,14.515962413694668,14.538391999837188,27.81449905735,23.884254654371578,1
1790035405.486604,14.515962413694668,14.538391999837188,27.895868924285,23.919249580169055,1
1790035405.5856695,14.515962413694668,14.538391999837188,27.988134914995253,23.96985197221048,1
1790035405.6851206,14.515962413694668,14.538391999837188,28.047157897843373,24.054123810628084,1
1790035405.783874,14.515962413694668,14.538391999837188,28.17544438039942,24.21092869688877,1
1790035405.883327,14.515962413694668,14.538391999837188,28.356736982238253,24.194015266870856,1
1790035405.987266,14.515962413694668,14.538391999837188,28.34208664526413,24.19064275792256,1
1790035406.086377,14.515962413694668,14.538391999837188,28.53722087176125,24.327617964877508,1
1790035406.1865833,14.515962413694668,14.538391999837188,28.600172002714825,24.296222422922046,1
1790035406.2854583,14.515962413694668,14.538391999837188,28.719729191675412,24.474227614862023,1
1790035406.3847773,14.515962413694668,14.538391999837188,28.71546454913195,24.49629079031706,1
1790035406.48413,14.515962413694668,14.538391999837188,28.881833804266115,24.59087394166203,1
1790035406.5877342,14.515962413694668,14.538391999837188,28.955880610155706,24.65438618206483,1
1790035406.6880877,14.515962413694668,14.538391999837188,29.05653600988359,24.736261190370804,1
1790035406.785864,14.515962413694668,14.538391999837188,29.238821975718707,24.667598838527518,1
1790035406.8891163,14.515962413694668,14.538391999837188,29.254899937630956,24.875824997399786,1
1790035407.374612,14.515962413694668,14.538391999837188,29.758776008459925,25.18256639220902,1
1790035407.3781743,14.515962413694668,14.538391999837188,29.659641811732552,25.220013736491534,1
1790035407.4772062,14.515962413694668,14.538391999837188,29.93119205633903,25.195083746550434,1
1790035407.5761218,14.515962413694668,14.538391999837188,29.98524822278554,25.323433328581554,1
1790035407.680802,14.515962413694668,14.538391999837188,30.04188950266234,25.35926524815275,1
1790035407.7801695,14.515962413694668,14.538391999837188,30.125909302430955,25.545306148772706,1
1790035407.87922,14.515962413694668,14.538391999837188,30.26912979810229,25.635095153718378,1
1790035407.9786026,14.515962413694668,14.538391999837188,30.396559020668654,25.638838155242397,1
1790035408.0775535,14.515962413694668,14.538391999837188,30.522152114467378,25.706940539201433,1
1790035408.176633,14.515962413694668,14.538391999837188,30.573748079667855,25.73835784428361,1
1790035408.2814548,14.515962413694668,14.538391999837188,30.638714070074293,25.790463261057226,1
1790035408.380421,14.515962413694668,14.538391999837188,30.782147937072203,25.834536833533317,1
1790035408.4804363,14.515962413694668,14.538391999837188,30.870099642516696,25.952759235135076,1
1790035408.5799825,14.515962413694668,14.538391999837188,30.987396642123958,26.06835205894777,1
1790035408.6798444,14.515962413694668,14.538391999837188,31.118029051722115,26.13608143600103,1
1790035408.7790306,14.515962413694668,14.538391999837188,31.04589300757946,26.16446407098259,1
1790035408.8786888,14.515962413694668,14.538391999837188,31.16385697258865,26.210491686731395,1
1790035408.9784322,14.515962413694668,14.538391999837188,31.396064732715367,26.33693490286471,1
1790035409.0774229,14.515962413694668,14.538391999837188,31.38286288989553,26.322506808922707,1
1790035409.176448,14.515962413694668,14.538391999837188,31.51678859862679,26.380522929423115,1
1790035409.2808387,14.515962413694668,14.538391999837188,31.584206629011394,26.528802611055255,1
1790035409.380124,14.515962413694668,14.538391999837188,31.773125015501286,26.611977505510772,1
1790035409.4793575,14.515962413694668,14.538391999837188,31.69833961832178,26.665059288638343,1
1790035409.5785036,14.515962413694668,14.538391999837188,31.91396467624065,26.738776925581025,1
1790035409.6779556,14.515962413694668,14.538391999837188,32.088933071010864,26.683372498866806,1
1790035409.7771294,14.515962413694668,14.538391999837188,32.076053505404545,26.8843402237503,1
1790035409.8761072,14.515962413694668,14.538391999837188,32.12382240145523,26.996717963455332,1
1790035409.9809127,14.515962413694668,14.538391999837188,32.32434188958799,27.037386447600824,1
1790035410.08012,14.515962413694668,14.538391999837188,32.37489601055311,27.104029066026957,1
1790035410.1796186,14.515962413694668,14.538391999837188,32.55467206122748,27.14346878372943,1
1790035410.2785406,14.515962413694668,14.538391999837188,32.61020713228733,27.213429248369547,1
1790035410.3777487,14.515962413694668,14.538391999837188,32.65283966217551,27.260819777918044,1
1790035410.4776614,14.515962413694668,14.538391999837188,32.78659317413163,27.356134950707524,1
1790035410.581359,14.515962413694668,14.538391999837188,32.94614337375775,27.355412610814927,1
1790035410.6805875,14.515962413694668,14.538391999837188,32.98744170272639,27.550710430553384,1
1790035410.780131,14.515962413694668,14.538391999837188,33.054362326882455,27.504040168689915,1
1790035410.8790517,14.515962413694668,14.538391999837188,33.198894245971324,27.655458148152377,1
1790035410.9794295,14.515962413694668,14.538391999837188,33.28801985335639,27.748776125804056,1
1790035411.078132,14.515962413694668,14.538391999837188,33.427311007192394,27.792355165796096,1
1790035411.1775808,14.515962413694668,14.538391999837188,33.50993367578291,27.935096685543595,1
1790035411.2772565,14.515962413694668,14.538391999837188,33.569949186503095,27.78714384455721,1
1790035411.3762972,14.515962413694668,14.538391999837188,33.75777530516394,27.932603913859896,1
1790035411.4773295,14.515962413694668,14.538391999837188,33.782269545216764,28.090506086017758,1
1790035411.5810535,14.515962413694668,14.538391999837188,33.7987214207067,28.03383856376378,1
1790035411.6796925,14.515962413694668,14.538391999837188,33.895730918289,28.124606525128954,1
1790035411.7796562,14.515962413694668,14.538391999837188,34.096039174101435,28.259326895059093,1
1790035411.878443,14.515962413694668,14.538391999837188,34.18497677414576,28.230473366836524,1
1790035411.978131,14.515962413694668,14.538391999837188,34.15364950036394,28.37244380221472,1
1790035412.0772238,14.515962413694668,14.538391999837188,34.342972277414326,28.460900111912803,1
1790035412.1770663,14.515962413694668,14.538391999837188,34.49980223353283,28.51356369463848,1
1790035412.282149,14.515962413694668,14.538391999837188,34.60600570618395,28.590439779082217,1
1790035412.381189,14.515962413694668,14.538391999837188,34.691856900253086,28.61191398117556,1
1790035412.4803216,14.515962413694668,14.538391999837188,34.753818639515835,28.725218554489988,1
1790035412.579285,14.515962413694668,14.538391999837188,34.901104782704046,28.763808284294313,1
1790035412.67898,14.515962413694668,14.538391999837188,34.98413535957441,28.83882278826987,1
1790035412.7781556,14.515962413694668,14.538391999837188,35.04968761868615,28.96185232358118,1
1790035412.8769665,14.515962413694668,14.538391999837188,35.05304110036785,28.923563487443932,1
1790035412.977174,14.515962413694668,14.538391999837188,35.177087129293255,28.940678337013537,1
1790035413.0815542,14.515962413694668,14.538391999837188,35.31988701415957,29.166674818110337,1
1790035413.181733,14.515962413694668,14.538391999837188,35.43802995537819,29.208044810093618,1
1790035413.2816803,14.515962413694668,14.538391999837188,35.604981625621484,29.333332616993776,1
1790035413.382604,14.515962413694668,14.538391999837188,35.64626992121759,29.404092440926007,1
1790035413.4784312,14.515962413694668,14.538391999837188,35.74852974568868,29.360500401017962,1
1790035413.5776806,14.515962413694668,14.538391999837188,35.81176377741851,29.39665600167119,1
1790035413.6783454,14.515962413694668,14.538391999837188,35.89602888752118,29.522068778797657,1
1790035413.7781844,14.515962413694668,14.538391999837188,36.07875478888313,29.694726442945232,1
1790035413.8779676,14.515962413694668,14.538391999837188,36.067551579312216,29.69700926322635,1
1790035413.9764168,14.515962413694668,14.538391999837188,36.18140732392978,29.768864534575997,1
1790035414.0813808,14.515962413694668,14.538391999837188,36.33005797612935,29.725830253637064,1
1790035414.1804068,14.515962413694668,14.538391999837188,36.480367943984504,29.855284261241053,1
1790035414.2814417,14.515962413694668,14.538391999837188,36.506573596373016,29.901588147800876,1
1790035414.3797543,14.515962413694668,14.538391999837188,36.59719402125061,30.04413805056017,1
1790035414.48256,14.515962413694668,14.538391999837188,36.721502083148565,30.109936882222033,1
1790035414.5793712,14.515962413694668,14.538391999837188,36.84422419670646,30.226171277680038,1
1790035414.6781392,14.515962413694668,14.538391999837188,36.90607600330445,30.15427649815279,1
1790035414.7789278,14.515962413694668,14.538391999837188,37.07564985035988,30.280916934988685,1
1790035414.8795514,14.515962413694668,14.538391999837188,37.17692959243817,30.385918595589104,1
1790035414.9787872,14.515962413694668,14.538391999837188,37.21219011736767,30.452491695934917,1
1790035415.0780942,14.515962413694668,14.538391999837188,37.41391471957534,30.607254155346812,1
1790035415.1768966,14.515962413694668,14.538391999837188,37.416954103187585,30.57941948327242,1
1790035415.277753,14.515962413694668,14.538391999837188,37.566437265952615,30.59854562550408,1
1790035415.3821049,14.515962413694668,14.538391999837188,37.63185472471985,30.711359986780117,1
1790035415.4807851,14.515962413694668,14.538391999837188,37.72789757854851,30.738905493606993,1
1790035415.5798683,14.515962413694668,14.538391999837188,37.73012082575967,30.745122898425283,1
1790035415.680488,14.515962413694668,14.538391999837188,37.852637485673185,30.89509407668975,1
1790035415.7790437,14.515962413694668,14.538391999837188,37.9907255029276,31.082724378682173,1
1790035415.878584,14.515962413694668,14.538391999837188,38.15853105377819,31.006270983706123,1
1790035415.9776,14.515962413694668,14.538391999837188,38.21794798483525,31.10217365149481,1
1790035416.0804243,14.515962413694668,14.538391999837188,38.28741876560091,31.202566899285287,1
1790035416.1785476,14.515962413694668,14.538391999837188,38.42904900728885,31.243875156161792,1
1790035416.2777083,14.515962413694668,14.538391999837188,38.548756227942214,31.27199263836805,1
1790035416.3822026,14.515962413694668,14.538391999837188,38.598596700478545,31.530895820758104,1
1790035416.481932,14.515962413694668,14.538391999837188,38.70746588600934,31.541315711238187,1
1790035416.580583,14.515962413694668,14.538391999837188,38.79786027759729,31.566594625013785,1
1790035416.6799903,14.515962413694668,14.538391999837188,38.88816063839768,31.597456541495198,1
1790035416.7791631,14.515962413694668,14.538391999837188,38.94951083057172,31.69575182699874,1
1790035416.878554,14.515962413694668,14.538391999837188,39.04360768381036,31.775926012268286,1
1790035416.977375,14.515962413694668,14.538391999837188,39.237588128533694,31.828990945446634,1
1790035417.082371,14.515962413694668,14.538391999837188,39.27222053382117,31.905630508432473,1
1790035417.1812868,14.515962413694668,14.538391999837188,39.368331828552726,31.997792522783282,1
1790035417.280672,14.515962413694668,14.538391999837188,39.389889145310235,32.00264085106901,1
1790035417.379285,14.515962413694668,14.538391999837188,39.478853721770584,32.01254270605744,1
1790035417.4785757,14.515962413694668,14.538391999837188,39.74418835978036,32.200395901323,1
1790035417.5781431,14.515962413694668,14.538391999837188,39.73789425683411,32.14904290595984,1
1790035417.677276,14.515962413694668,14.538391999837188,39.723087606201936,32.265225572804866,1
1790035417.781909,14.515962413694668,14.538391999837188,40.09518729302615,32.38616265362106,1
1790035417.881683,14.515962413694668,14.538391999837188,40.04426413954954,32.45634615309098,1
1790035417.98081,14.515962413694668,14.538391999837188,40.091634756765984,32.48645414138233,1
1790035418.0830712,14.515962413694668,14.538391999837188,40.27517761637518,32.5674008867048,1
1790035418.1807852,14.515962413694668,14.538391999837188,40.40579514442872,32.65619388181396,1
1790035418.2791998,14.515962413694668,14.538391999837188,40.49641102267066,32.67228100200756,1
1790035418.3781574,14.515962413694668,14.538391999837188,40.60515901624084,32.85625811831187,1
1790035418.477689,14.515962413694668,14.538391999837188,40.609598635854454,32.7989332994522,1
1790035418.58253,14.515962413694668,14.538391999837188,40.82795218600875,32.905912071287844,1
1790035418.6816845,14.515962413694668,14.538391999837188,40.9288211452682,32.96159968770727,1
1790035418.7808323,14.515962413694668,14.538391999837188,41.02884289883471,33.05854337197845,1
1790035418.8798397,14.515962413694668,14.538391999837188,41.06632456674983,33.19835093425401,1
1790035418.9796505,14.515962413694668,14.538391999837188,41.133436904786805,33.141757902578725,1
1790035419.078786,14.515962413694668,14.538391999837188,41.22654557582735,33.279664779463616,1
